"idnum","father_fin_security_w234","mother_fin_security_w2345"
"0001","Yes","Yes"
"0002","Yes","Yes"
"0003","Yes","Yes"
"0004","No","No"
"0005",NA,"Yes"
"0006",NA,"Yes"
"0007",NA,"No"
"0008","No","Yes"
"0009","Yes","Yes"
"0010",NA,"No"
"0011","Yes","Yes"
"0012","Yes","Yes"
"0013","Yes","Yes"
"0014","Yes","Yes"
"0015","Yes","Yes"
"0016","No","No"
"0017",NA,NA
"0018","Yes","Yes"
"0019",NA,"Yes"
"0020","Yes","No"
"0021","Yes","No"
"0022","No","Yes"
"0023","Yes","Yes"
"0024","No","Yes"
"0025","Yes","Yes"
"0026",NA,"No"
"0027","Yes","Yes"
"0028","No","Yes"
"0029","Yes","Yes"
"0030","Yes","Yes"
"0031","Yes","Yes"
"0032","No","No"
"0033",NA,"Yes"
"0034","No","Yes"
"0035","No","No"
"0036",NA,"Yes"
"0037","Yes","Yes"
"0038","No","No"
"0039",NA,"Yes"
"0040","Yes","Yes"
"0041","Yes","Yes"
"0042",NA,"Yes"
"0043",NA,"Yes"
"0044",NA,"Yes"
"0045","Yes","Yes"
"0046","Yes","Yes"
"0047","No","Yes"
"0048",NA,"Yes"
"0049","No","No"
"0050",NA,NA
"0051","No","No"
"0052","Yes","Yes"
"0053","No","Yes"
"0054","No","No"
"0055",NA,"No"
"0056","No","No"
"0057",NA,"Yes"
"0058","No","No"
"0059","No","No"
"0060","No","Yes"
"0061","No","Yes"
"0062","Yes","Yes"
"0063","No","No"
"0064","No","Yes"
"0065",NA,"No"
"0066","No","No"
"0067","Yes","Yes"
"0068","Yes","Yes"
"0069","No","Yes"
"0070","No","No"
"0071",NA,"Yes"
"0072",NA,"No"
"0073",NA,NA
"0074","No","No"
"0075","Yes","Yes"
"0076","No","No"
"0077","Yes","Yes"
"0078",NA,NA
"0079","No","No"
"0080","Yes","Yes"
"0081","Yes","Yes"
"0082","Yes","Yes"
"0083","Yes","No"
"0084","No","Yes"
"0085","No","No"
"0086",NA,"Yes"
"0087",NA,"Yes"
"0088","No","No"
"0089","Yes","Yes"
"0090","Yes","No"
"0091","Yes","No"
"0092","No","No"
"0093","No","No"
"0094",NA,"No"
"0095",NA,"Yes"
"0096","Yes","Yes"
"0097","No","Yes"
"0098",NA,"Yes"
"0099","No","Yes"
"0100","Yes","Yes"
"0101","No","Yes"
"0102","Yes","Yes"
"0103","No","Yes"
"0104","No","Yes"
"0105","No","No"
"0106","No","No"
"0107","No","No"
"0108","No","No"
"0109","Yes","Yes"
"0110",NA,"No"
"0111",NA,"Yes"
"0112","Yes","Yes"
"0113","Yes","No"
"0114","Yes","Yes"
"0115","No","No"
"0116","Yes","Yes"
"0117","Yes","Yes"
"0118","No","No"
"0119","Yes","Yes"
"0120","Yes","No"
"0121",NA,"Yes"
"0122","Yes","Yes"
"0123",NA,"No"
"0124","Yes","Yes"
"0125","No","No"
"0126","Yes","Yes"
"0127","Yes","No"
"0128","No","No"
"0129","Yes","No"
"0130","No","Yes"
"0131",NA,"Yes"
"0132","Yes","Yes"
"0133",NA,"Yes"
"0134","No","No"
"0135","No","No"
"0136","No","No"
"0137","No","Yes"
"0138","No","Yes"
"0139","Yes","Yes"
"0140","Yes","Yes"
"0141","No","No"
"0142",NA,"No"
"0143","Yes","No"
"0144",NA,"Yes"
"0145","No","No"
"0146","Yes","Yes"
"0147","Yes","No"
"0148","Yes","Yes"
"0149","No","No"
"0150","No","Yes"
"0151",NA,"Yes"
"0152","No","Yes"
"0153","No","Yes"
"0154","Yes","Yes"
"0155","No","No"
"0156","Yes","Yes"
"0157","Yes","Yes"
"0158","No","Yes"
"0159","Yes","Yes"
"0160","No","Yes"
"0161","No","Yes"
"0162","Yes","Yes"
"0163","No","No"
"0164","No","No"
"0165","No","No"
"0166",NA,"Yes"
"0167","No","No"
"0168","No","Yes"
"0169","Yes","No"
"0170","Yes","Yes"
"0171","Yes","Yes"
"0172",NA,"No"
"0173","Yes","Yes"
"0174","Yes","Yes"
"0175","Yes","Yes"
"0176","Yes","Yes"
"0177","Yes","Yes"
"0178","Yes","Yes"
"0179",NA,"Yes"
"0180","No","Yes"
"0181","No","Yes"
"0182","No","Yes"
"0183","No","Yes"
"0184",NA,"Yes"
"0185",NA,NA
"0186","No","Yes"
"0187","Yes","Yes"
"0188","Yes","Yes"
"0189","No","Yes"
"0190","Yes","Yes"
"0191","Yes","Yes"
"0192","Yes","Yes"
"0193","No","No"
"0194",NA,"Yes"
"0195","No",NA
"0196","Yes","Yes"
"0197","Yes","Yes"
"0198","Yes","No"
"0199","Yes","Yes"
"0200",NA,NA
"0201","Yes","No"
"0202","Yes","Yes"
"0203",NA,"No"
"0204","No","No"
"0205",NA,"Yes"
"0206",NA,"Yes"
"0207","Yes","No"
"0208",NA,NA
"0209","Yes","Yes"
"0210","No","Yes"
"0211","Yes","Yes"
"0212",NA,"No"
"0213","Yes","Yes"
"0214","Yes","No"
"0215","Yes","Yes"
"0216","No","Yes"
"0217","No","No"
"0218","Yes","No"
"0219","Yes","Yes"
"0220","Yes","No"
"0221","Yes","No"
"0222","Yes","No"
"0223","No","No"
"0224","Yes","Yes"
"0225","Yes","Yes"
"0226","Yes","Yes"
"0227","Yes","Yes"
"0228","Yes","Yes"
"0229","Yes","Yes"
"0230","Yes","Yes"
"0231","No","No"
"0232","No","Yes"
"0233","Yes","Yes"
"0234","Yes","Yes"
"0235","Yes","No"
"0236","No","No"
"0237","No","No"
"0238","Yes","No"
"0239",NA,NA
"0240","Yes","Yes"
"0241","No","Yes"
"0242","Yes","No"
"0243","Yes","No"
"0244","Yes","Yes"
"0245","No","Yes"
"0246","No","No"
"0247","Yes","Yes"
"0248","Yes","Yes"
"0249","Yes","No"
"0250","No","No"
"0251","No","No"
"0252","No","Yes"
"0253","Yes","Yes"
"0254","No","No"
"0255","No","Yes"
"0256",NA,"Yes"
"0257","Yes","Yes"
"0258","Yes","Yes"
"0259","Yes","Yes"
"0260","No","Yes"
"0261","Yes","Yes"
"0262","No","Yes"
"0263","Yes","Yes"
"0264","No","No"
"0265","Yes","Yes"
"0266","No","Yes"
"0267",NA,"Yes"
"0268","No","Yes"
"0269","No",NA
"0270","Yes","Yes"
"0271","No","No"
"0272",NA,"Yes"
"0273",NA,"Yes"
"0274","Yes","Yes"
"0275","Yes","No"
"0276","No","No"
"0277","Yes","Yes"
"0278","Yes","No"
"0279","No","No"
"0280","No","Yes"
"0281","Yes","Yes"
"0282","No","Yes"
"0283",NA,"No"
"0284","No","No"
"0285","Yes","Yes"
"0286","No","No"
"0287","No","Yes"
"0288","No","No"
"0289","Yes","Yes"
"0290",NA,NA
"0291","No","No"
"0292",NA,"Yes"
"0293","Yes","Yes"
"0294","No","No"
"0295","Yes","No"
"0296","No","No"
"0297","No","Yes"
"0298","Yes","Yes"
"0299","Yes","Yes"
"0300","No","No"
"0301","Yes","No"
"0302","Yes","No"
"0303","Yes","Yes"
"0304","No","Yes"
"0305","No","Yes"
"0306","No","Yes"
"0307","No","No"
"0308","Yes","Yes"
"0309","No","No"
"0310","No","Yes"
"0311",NA,"Yes"
"0312","Yes","Yes"
"0313","Yes","Yes"
"0314","Yes","No"
"0315","No","Yes"
"0316","No","Yes"
"0317","No","No"
"0318","No","Yes"
"0319","No","Yes"
"0320","Yes","Yes"
"0321","No","No"
"0322",NA,"Yes"
"0323","No","No"
"0324",NA,"Yes"
"0325","Yes","No"
"0326","No","No"
"0327","Yes","Yes"
"0328","Yes","No"
"0329","Yes","No"
"0330","No","Yes"
"0331",NA,"Yes"
"0332","No","No"
"0333","No","Yes"
"0334","No","No"
"0335",NA,"Yes"
"0336","No","Yes"
"0337","Yes","Yes"
"0338","No","Yes"
"0339","Yes","Yes"
"0340","Yes","Yes"
"0341","Yes","Yes"
"0342","Yes","Yes"
"0343","No","Yes"
"0344","No","Yes"
"0345","Yes","Yes"
"0346","No","No"
"0347","Yes","Yes"
"0348","Yes","Yes"
"0349","No","Yes"
"0350","No","No"
"0351","Yes","Yes"
"0352",NA,"Yes"
"0353","No","No"
"0354",NA,"No"
"0355","Yes","Yes"
"0356","Yes","Yes"
"0357","No","No"
"0358","Yes","No"
"0359","No","No"
"0360","Yes","No"
"0361","No","Yes"
"0362","No","Yes"
"0363","Yes","Yes"
"0364","No","Yes"
"0365","No","No"
"0366","No","Yes"
"0367","Yes","Yes"
"0368","Yes",NA
"0369","Yes","Yes"
"0370","Yes","Yes"
"0371","No","No"
"0372",NA,"No"
"0373","Yes","Yes"
"0374","Yes","No"
"0375","No","No"
"0376",NA,"No"
"0377",NA,"Yes"
"0378","Yes","Yes"
"0379","Yes","Yes"
"0380","Yes","Yes"
"0381","Yes","Yes"
"0382",NA,"Yes"
"0383","No","Yes"
"0384","Yes","No"
"0385","Yes","No"
"0386","No","No"
"0387","Yes","Yes"
"0388","Yes","Yes"
"0389","Yes","Yes"
"0390",NA,"No"
"0391","No","Yes"
"0392","No","Yes"
"0393","Yes","Yes"
"0394","No","Yes"
"0395",NA,NA
"0396","Yes","No"
"0397","Yes","No"
"0398","Yes","Yes"
"0399","No","No"
"0400","Yes","No"
"0401","Yes","Yes"
"0402","Yes","Yes"
"0403","Yes","Yes"
"0404","No","No"
"0405","Yes","Yes"
"0406","Yes","Yes"
"0407","No","Yes"
"0408","No","No"
"0409","No","Yes"
"0410","No","No"
"0411","Yes","No"
"0412","No",NA
"0413","No","No"
"0414","No","Yes"
"0415","Yes","No"
"0416","Yes","Yes"
"0417","Yes","Yes"
"0418","Yes","Yes"
"0419",NA,"Yes"
"0420","Yes","No"
"0421","Yes","Yes"
"0422","Yes","Yes"
"0423","Yes","Yes"
"0424","Yes","Yes"
"0425","No","Yes"
"0426","No","Yes"
"0427",NA,"No"
"0428",NA,"No"
"0429","Yes","No"
"0430","No","No"
"0431","Yes","No"
"0432","Yes","Yes"
"0433","No","Yes"
"0434",NA,"Yes"
"0435","No","No"
"0436","No","Yes"
"0437","Yes","Yes"
"0438","Yes","Yes"
"0439","No","Yes"
"0440","Yes","No"
"0441","No","Yes"
"0442",NA,"Yes"
"0443","Yes","Yes"
"0444","Yes","Yes"
"0445","Yes","No"
"0446","Yes","Yes"
"0447",NA,"Yes"
"0448","No","Yes"
"0449",NA,"Yes"
"0450","Yes","No"
"0451","Yes","No"
"0452","Yes","Yes"
"0453","Yes","Yes"
"0454","No","No"
"0455","Yes","Yes"
"0456","Yes","No"
"0457",NA,"No"
"0458","No","No"
"0459","Yes","Yes"
"0460","Yes","Yes"
"0461",NA,NA
"0462",NA,NA
"0463",NA,"Yes"
"0464","Yes","No"
"0465","No","Yes"
"0466","Yes","Yes"
"0467",NA,"Yes"
"0468","Yes","Yes"
"0469",NA,"No"
"0470",NA,"Yes"
"0471","No","Yes"
"0472","Yes","Yes"
"0473","No","No"
"0474","Yes","Yes"
"0475",NA,"Yes"
"0476","No","Yes"
"0477","Yes","No"
"0478","Yes","Yes"
"0479","No","No"
"0480","No","No"
"0481","Yes","Yes"
"0482","Yes","Yes"
"0483",NA,"No"
"0484",NA,"Yes"
"0485",NA,NA
"0486","Yes","Yes"
"0487","Yes","Yes"
"0488",NA,"Yes"
"0489","Yes","Yes"
"0490","Yes","Yes"
"0491",NA,"Yes"
"0492","No","Yes"
"0493","Yes","Yes"
"0494","No","No"
"0495","No","Yes"
"0496","No","Yes"
"0497","Yes","Yes"
"0498","No","Yes"
"0499",NA,"Yes"
"0500","Yes","Yes"
"0501",NA,"Yes"
"0502","Yes","Yes"
"0503","No","No"
"0504","Yes","Yes"
"0505",NA,NA
"0506","Yes","No"
"0507","No","Yes"
"0508",NA,"No"
"0509","Yes","Yes"
"0510","Yes","Yes"
"0511","No","Yes"
"0512","No","No"
"0513",NA,"No"
"0514","Yes","Yes"
"0515","No","Yes"
"0516","Yes","No"
"0517","Yes","No"
"0518","No",NA
"0519","No","No"
"0520","No","Yes"
"0521","Yes","Yes"
"0522","No","Yes"
"0523","Yes","No"
"0524","Yes","Yes"
"0525",NA,"Yes"
"0526",NA,"Yes"
"0527","Yes","Yes"
"0528","No","No"
"0529","No","Yes"
"0530","No","No"
"0531","Yes","No"
"0532","No","No"
"0533","Yes","Yes"
"0534",NA,"No"
"0535","No","No"
"0536","Yes","No"
"0537",NA,NA
"0538","No","Yes"
"0539","Yes","Yes"
"0540",NA,"Yes"
"0541","No","No"
"0542",NA,"No"
"0543","Yes","Yes"
"0544","Yes","Yes"
"0545","No","No"
"0546","No","No"
"0547","Yes","Yes"
"0548","Yes","Yes"
"0549","Yes","Yes"
"0550","Yes","No"
"0551","No","No"
"0552","Yes","Yes"
"0553","No","Yes"
"0554",NA,"Yes"
"0555","No","Yes"
"0556","No","Yes"
"0557","Yes","Yes"
"0558","Yes","Yes"
"0559","Yes","Yes"
"0560","Yes","No"
"0561","Yes","No"
"0562","Yes","Yes"
"0563","Yes","Yes"
"0564","Yes","Yes"
"0565","Yes","No"
"0566","Yes","Yes"
"0567","No","No"
"0568","No","No"
"0569","No","No"
"0570","Yes","Yes"
"0571",NA,"Yes"
"0572","No","No"
"0573","No","No"
"0574","No","No"
"0575",NA,"No"
"0576","No","Yes"
"0577","Yes","Yes"
"0578","No","No"
"0579",NA,"Yes"
"0580",NA,"Yes"
"0581","No","No"
"0582","No","Yes"
"0583","No","No"
"0584","No",NA
"0585",NA,"No"
"0586","Yes","Yes"
"0587",NA,"Yes"
"0588",NA,NA
"0589","Yes","Yes"
"0590",NA,"No"
"0591","Yes","No"
"0592",NA,"No"
"0593","Yes","No"
"0594","Yes","Yes"
"0595",NA,"Yes"
"0596",NA,"No"
"0597","No","Yes"
"0598","Yes","Yes"
"0599",NA,"Yes"
"0600","Yes","Yes"
"0601","No","Yes"
"0602","Yes","Yes"
"0603",NA,NA
"0604","No","Yes"
"0605","No","No"
"0606","No","Yes"
"0607","No","No"
"0608",NA,"No"
"0609","Yes","Yes"
"0610","Yes","No"
"0611","No","No"
"0612",NA,"Yes"
"0613","Yes","Yes"
"0614","No","No"
"0615","No","No"
"0616","Yes","Yes"
"0617","No","Yes"
"0618",NA,NA
"0619","Yes","Yes"
"0620","No","Yes"
"0621","Yes","No"
"0622","Yes","No"
"0623","Yes","Yes"
"0624","Yes","Yes"
"0625","Yes","No"
"0626","No","No"
"0627",NA,"Yes"
"0628","No","Yes"
"0629","Yes","No"
"0630",NA,"No"
"0631","Yes","Yes"
"0632","Yes","No"
"0633",NA,NA
"0634","Yes","Yes"
"0635","No","Yes"
"0636","Yes","Yes"
"0637","Yes","Yes"
"0638","Yes","Yes"
"0639","Yes","Yes"
"0640","Yes","Yes"
"0641","Yes","Yes"
"0642","No","Yes"
"0643","No","Yes"
"0644",NA,NA
"0645",NA,"No"
"0646","Yes","Yes"
"0647",NA,"No"
"0648",NA,"Yes"
"0649","No","Yes"
"0650","Yes","Yes"
"0651","Yes","Yes"
"0652","No","No"
"0653","Yes","Yes"
"0654","Yes","Yes"
"0655","Yes","Yes"
"0656",NA,"Yes"
"0657","Yes","No"
"0658","Yes","No"
"0659","Yes","No"
"0660","No","Yes"
"0661","No","No"
"0662",NA,"Yes"
"0663","No","Yes"
"0664","Yes","Yes"
"0665","Yes","No"
"0666","No","No"
"0667","Yes","Yes"
"0668","Yes","Yes"
"0669","No","Yes"
"0670","Yes","Yes"
"0671","Yes","Yes"
"0672","No","Yes"
"0673","Yes","Yes"
"0674","Yes","Yes"
"0675","No","No"
"0676","No","No"
"0677",NA,"No"
"0678","No","Yes"
"0679","Yes","Yes"
"0680","Yes","Yes"
"0681","No","No"
"0682",NA,"No"
"0683","No","No"
"0684","No","Yes"
"0685","Yes","Yes"
"0686",NA,"Yes"
"0687","Yes","No"
"0688","Yes","No"
"0689",NA,"Yes"
"0690",NA,"Yes"
"0691","Yes","Yes"
"0692","Yes","Yes"
"0693",NA,"Yes"
"0694","Yes","Yes"
"0695","No",NA
"0696","Yes","No"
"0697","Yes","Yes"
"0698","No","Yes"
"0699","Yes","Yes"
"0700","Yes","No"
"0701","No","Yes"
"0702","No","Yes"
"0703","Yes","No"
"0704","Yes","Yes"
"0705","No","Yes"
"0706","No","No"
"0707","No","Yes"
"0708","Yes","Yes"
"0709","Yes","Yes"
"0710","Yes","Yes"
"0711","No","Yes"
"0712","Yes","Yes"
"0713",NA,"No"
"0714","Yes","Yes"
"0715","No","Yes"
"0716","Yes","Yes"
"0717","Yes","Yes"
"0718",NA,"Yes"
"0719","Yes","Yes"
"0720","No","Yes"
"0721","Yes","Yes"
"0722","No","No"
"0723",NA,"Yes"
"0724",NA,"No"
"0725","Yes","Yes"
"0726","Yes","No"
"0727","Yes","Yes"
"0728","No","Yes"
"0729","No","No"
"0730","Yes","No"
"0731",NA,"Yes"
"0732","No","Yes"
"0733","Yes","Yes"
"0734",NA,NA
"0735","No","No"
"0736","Yes","Yes"
"0737","No","No"
"0738","Yes","Yes"
"0739","Yes","Yes"
"0740","Yes","Yes"
"0741","Yes","No"
"0742","No","No"
"0743","Yes","Yes"
"0744","No","No"
"0745","Yes","Yes"
"0746","No","Yes"
"0747","Yes","Yes"
"0748","No","Yes"
"0749","No","No"
"0750",NA,NA
"0751",NA,"Yes"
"0752","No","No"
"0753","No","Yes"
"0754","No","No"
"0755","No","No"
"0756","Yes","Yes"
"0757","Yes","Yes"
"0758","Yes","Yes"
"0759","Yes","No"
"0760",NA,"No"
"0761","Yes","No"
"0762","Yes","Yes"
"0763","Yes","No"
"0764","Yes","Yes"
"0765","No","Yes"
"0766",NA,"No"
"0767","No","Yes"
"0768","No","No"
"0769",NA,"Yes"
"0770",NA,"No"
"0771","Yes","No"
"0772","Yes","Yes"
"0773",NA,"No"
"0774","Yes","Yes"
"0775","No","Yes"
"0776","Yes","Yes"
"0777","Yes","No"
"0778","Yes","Yes"
"0779",NA,"Yes"
"0780",NA,NA
"0781","Yes","No"
"0782","Yes","Yes"
"0783","No","Yes"
"0784","No","Yes"
"0785","No","Yes"
"0786",NA,"Yes"
"0787",NA,"Yes"
"0788","No","Yes"
"0789","No","Yes"
"0790","Yes","No"
"0791","Yes","Yes"
"0792",NA,"Yes"
"0793",NA,"Yes"
"0794","No","Yes"
"0795","Yes","Yes"
"0796","No","Yes"
"0797","No",NA
"0798","Yes","No"
"0799","Yes","No"
"0800","Yes","Yes"
"0801","No","Yes"
"0802","No","No"
"0803","Yes","Yes"
"0804","Yes","Yes"
"0805","Yes","Yes"
"0806","Yes",NA
"0807","Yes","Yes"
"0808","No","Yes"
"0809","No","No"
"0810","Yes","Yes"
"0811","Yes","No"
"0812","No","Yes"
"0813",NA,"Yes"
"0814","No","Yes"
"0815",NA,"Yes"
"0816","No","Yes"
"0817","Yes","No"
"0818","Yes","Yes"
"0819","Yes","Yes"
"0820","No","No"
"0821","Yes","Yes"
"0822","No","No"
"0823","No","Yes"
"0824","No","Yes"
"0825","Yes","Yes"
"0826","No","Yes"
"0827","Yes","No"
"0828",NA,"No"
"0829","Yes","Yes"
"0830","No","Yes"
"0831","No","No"
"0832","Yes","Yes"
"0833","No","No"
"0834","No","No"
"0835","Yes","Yes"
"0836","Yes","No"
"0837","Yes","No"
"0838","Yes","Yes"
"0839","Yes","Yes"
"0840",NA,NA
"0841","Yes","Yes"
"0842","No","No"
"0843","Yes","No"
"0844","Yes","No"
"0845","Yes","Yes"
"0846","Yes","No"
"0847","No","Yes"
"0848","Yes","Yes"
"0849",NA,NA
"0850","No","Yes"
"0851","Yes","Yes"
"0852",NA,"Yes"
"0853","No","No"
"0854",NA,"Yes"
"0855",NA,NA
"0856","Yes","No"
"0857","No","No"
"0858","Yes","Yes"
"0859","Yes","No"
"0860","Yes","Yes"
"0861","No","No"
"0862","No","No"
"0863","No","No"
"0864","No","No"
"0865",NA,"Yes"
"0866","No","Yes"
"0867",NA,"Yes"
"0868",NA,"No"
"0869","Yes","Yes"
"0870","Yes","Yes"
"0871","No","Yes"
"0872","No","No"
"0873","Yes","Yes"
"0874",NA,"Yes"
"0875","No","No"
"0876","No","Yes"
"0877","Yes","Yes"
"0878","No","Yes"
"0879","No","Yes"
"0880","Yes","No"
"0881","No","Yes"
"0882","Yes","Yes"
"0883","Yes","Yes"
"0884",NA,"No"
"0885",NA,"Yes"
"0886",NA,"Yes"
"0887","Yes","Yes"
"0888",NA,"Yes"
"0889","Yes","No"
"0890","Yes","No"
"0891",NA,"No"
"0892","Yes","Yes"
"0893","No","No"
"0894","Yes","Yes"
"0895",NA,NA
"0896",NA,"No"
"0897","No","Yes"
"0898","No","No"
"0899","Yes","Yes"
"0900","Yes","Yes"
"0901","No","Yes"
"0902","Yes","Yes"
"0903","No","Yes"
"0904","Yes","Yes"
"0905","Yes","Yes"
"0906","Yes","Yes"
"0907",NA,"No"
"0908","Yes","Yes"
"0909","No","No"
"0910","No","Yes"
"0911","Yes","Yes"
"0912","No","No"
"0913","No","Yes"
"0914","Yes","Yes"
"0915",NA,"Yes"
"0916",NA,"Yes"
"0917","Yes","No"
"0918","No","No"
"0919","Yes","No"
"0920","No","Yes"
"0921","No","Yes"
"0922","Yes","No"
"0923","Yes","Yes"
"0924","No","Yes"
"0925",NA,"Yes"
"0926","Yes","No"
"0927","No","Yes"
"0928",NA,NA
"0929","Yes","Yes"
"0930",NA,"No"
"0931","Yes","Yes"
"0932",NA,"Yes"
"0933","Yes","No"
"0934","No","No"
"0935","No","Yes"
"0936","No","No"
"0937","No","Yes"
"0938",NA,"Yes"
"0939","No","No"
"0940","Yes","No"
"0941",NA,"No"
"0942","No","Yes"
"0943","No","Yes"
"0944","No","Yes"
"0945","Yes","Yes"
"0946","Yes","Yes"
"0947",NA,"Yes"
"0948",NA,"No"
"0949","Yes","No"
"0950","No","No"
"0951","Yes","No"
"0952","Yes","Yes"
"0953",NA,"No"
"0954","Yes","No"
"0955","Yes","Yes"
"0956","Yes","Yes"
"0957","Yes","Yes"
"0958","Yes","Yes"
"0959","Yes","No"
"0960","Yes","Yes"
"0961","No","Yes"
"0962","Yes","Yes"
"0963","No","Yes"
"0964","Yes","Yes"
"0965","No","No"
"0966","No","No"
"0967","No","No"
"0968","Yes","Yes"
"0969","Yes","No"
"0970","Yes","Yes"
"0971",NA,"Yes"
"0972","Yes","No"
"0973","Yes","Yes"
"0974",NA,"Yes"
"0975","Yes","Yes"
"0976","No","No"
"0977","No","No"
"0978",NA,"Yes"
"0979","Yes","Yes"
"0980",NA,NA
"0981",NA,NA
"0982","No","Yes"
"0983","No","No"
"0984","No","No"
"0985","Yes","Yes"
"0986","No","Yes"
"0987","Yes","Yes"
"0988","Yes","No"
"0989","No","No"
"0990","Yes","Yes"
"0991",NA,"Yes"
"0992","No","Yes"
"0993","Yes","Yes"
"0994","Yes","No"
"0995","No","No"
"0996","No","Yes"
"0997","No","Yes"
"0998","Yes","Yes"
"0999",NA,NA
"1000",NA,"Yes"
"1001","Yes","Yes"
"1002","Yes","No"
"1003","Yes","Yes"
"1004","Yes","No"
"1005","No","No"
"1006",NA,"Yes"
"1007","No","Yes"
"1008","No","No"
"1009","No","No"
"1010","Yes","Yes"
"1011","Yes","Yes"
"1012","No","Yes"
"1013","No",NA
"1014","Yes","Yes"
"1015","Yes","Yes"
"1016","Yes","Yes"
"1017","Yes","Yes"
"1018","No","Yes"
"1019","No","Yes"
"1020","Yes","No"
"1021","Yes","No"
"1022","No","Yes"
"1023","Yes","No"
"1024","No","Yes"
"1025","Yes","Yes"
"1026",NA,"No"
"1027","Yes","Yes"
"1028","Yes","Yes"
"1029",NA,"No"
"1030","No","No"
"1031","No","No"
"1032","No","No"
"1033","No","No"
"1034","No","Yes"
"1035","Yes","Yes"
"1036","No","Yes"
"1037","No","No"
"1038","No","Yes"
"1039","No","No"
"1040",NA,NA
"1041","Yes","Yes"
"1042","No","Yes"
"1043","No","Yes"
"1044","Yes","Yes"
"1045","Yes","Yes"
"1046","No","Yes"
"1047","No","No"
"1048","Yes","Yes"
"1049","No","Yes"
"1050","No","No"
"1051","Yes","Yes"
"1052","No","Yes"
"1053","No","Yes"
"1054","No","Yes"
"1055","Yes","Yes"
"1056","No","Yes"
"1057","Yes","No"
"1058","No","No"
"1059","No","No"
"1060","Yes","No"
"1061","No","No"
"1062","Yes","Yes"
"1063","Yes","Yes"
"1064","No","Yes"
"1065","Yes","Yes"
"1066","Yes","No"
"1067","No","Yes"
"1068",NA,"No"
"1069","No","Yes"
"1070","No","No"
"1071","No","No"
"1072","No","No"
"1073",NA,"Yes"
"1074","No","No"
"1075","No","Yes"
"1076","Yes","No"
"1077","Yes","No"
"1078","Yes","No"
"1079","No","Yes"
"1080",NA,NA
"1081","No","No"
"1082","No","Yes"
"1083","No","No"
"1084","Yes","Yes"
"1085",NA,"Yes"
"1086",NA,"Yes"
"1087","Yes","Yes"
"1088","No","No"
"1089","Yes","Yes"
"1090",NA,"No"
"1091","No","Yes"
"1092","No","No"
"1093","No","Yes"
"1094","No","No"
"1095","Yes","Yes"
"1096","No","Yes"
"1097","No","No"
"1098","No","Yes"
"1099","Yes","Yes"
"1100","Yes","Yes"
"1101","Yes","Yes"
"1102","No","Yes"
"1103","No","No"
"1104","Yes","Yes"
"1105","Yes","No"
"1106","No","No"
"1107","Yes","Yes"
"1108","Yes","Yes"
"1109","Yes","Yes"
"1110","Yes","Yes"
"1111",NA,NA
"1112","No","No"
"1113","Yes","Yes"
"1114","No","No"
"1115","Yes","Yes"
"1116",NA,"Yes"
"1117","Yes","Yes"
"1118","Yes","Yes"
"1119","No","No"
"1120","No","No"
"1121","Yes","No"
"1122","Yes","Yes"
"1123","Yes","Yes"
"1124","No","Yes"
"1125","Yes","Yes"
"1126","No","Yes"
"1127",NA,NA
"1128","Yes","Yes"
"1129",NA,"Yes"
"1130","Yes","Yes"
"1131","Yes","Yes"
"1132","No",NA
"1133","No","Yes"
"1134",NA,"Yes"
"1135","Yes","No"
"1136","No","Yes"
"1137",NA,"No"
"1138",NA,"Yes"
"1139","No","Yes"
"1140","Yes","Yes"
"1141",NA,"No"
"1142",NA,NA
"1143","Yes","Yes"
"1144","Yes",NA
"1145","No","No"
"1146","Yes","Yes"
"1147","Yes","Yes"
"1148","Yes","No"
"1149","No","Yes"
"1150","Yes","Yes"
"1151","No","Yes"
"1152","No","Yes"
"1153",NA,NA
"1154","No","Yes"
"1155","No","No"
"1156","No","Yes"
"1157","Yes","Yes"
"1158",NA,"Yes"
"1159","No","No"
"1160",NA,"No"
"1161","No","No"
"1162","Yes","No"
"1163","No","Yes"
"1164","No","No"
"1165",NA,NA
"1166","No","No"
"1167","Yes","Yes"
"1168",NA,"Yes"
"1169","Yes","Yes"
"1170","No","Yes"
"1171","No","No"
"1172","No","Yes"
"1173","Yes","Yes"
"1174","No","Yes"
"1175","Yes","Yes"
"1176","Yes","Yes"
"1177",NA,"Yes"
"1178","No","Yes"
"1179",NA,"Yes"
"1180","Yes","Yes"
"1181",NA,"Yes"
"1182","No","No"
"1183",NA,"Yes"
"1184","No","No"
"1185","Yes","Yes"
"1186","No","Yes"
"1187",NA,"No"
"1188","No","Yes"
"1189","No","No"
"1190","No","No"
"1191","No","Yes"
"1192","No","Yes"
"1193","No","Yes"
"1194","Yes","Yes"
"1195","Yes","Yes"
"1196","No","Yes"
"1197","No","Yes"
"1198","No","No"
"1199","No","No"
"1200",NA,"No"
"1201","Yes","Yes"
"1202","No","Yes"
"1203","Yes","Yes"
"1204","Yes","Yes"
"1205","Yes","No"
"1206","No","Yes"
"1207","No","Yes"
"1208","Yes","Yes"
"1209","No","Yes"
"1210","Yes","Yes"
"1211","No","Yes"
"1212","Yes","Yes"
"1213","Yes","Yes"
"1214","No","No"
"1215",NA,"Yes"
"1216","No","No"
"1217",NA,"Yes"
"1218","No","Yes"
"1219","No","No"
"1220","No","Yes"
"1221","Yes","Yes"
"1222","Yes","No"
"1223",NA,"Yes"
"1224","No","Yes"
"1225","Yes","Yes"
"1226",NA,"Yes"
"1227","No","No"
"1228","No","Yes"
"1229",NA,NA
"1230","No","No"
"1231","Yes","Yes"
"1232","Yes","Yes"
"1233","Yes","Yes"
"1234","No","No"
"1235","No","No"
"1236","No","No"
"1237",NA,"Yes"
"1238","Yes","Yes"
"1239","Yes","Yes"
"1240",NA,"No"
"1241","Yes","Yes"
"1242","Yes","Yes"
"1243","No","No"
"1244","Yes","Yes"
"1245","No",NA
"1246","Yes","Yes"
"1247",NA,"No"
"1248","Yes","No"
"1249",NA,"Yes"
"1250","No","Yes"
"1251",NA,NA
"1252","No","No"
"1253",NA,NA
"1254","No","No"
"1255","Yes","Yes"
"1256",NA,"No"
"1257","Yes","Yes"
"1258",NA,NA
"1259","Yes","Yes"
"1260","No","No"
"1261","Yes","Yes"
"1262",NA,"Yes"
"1263","No","Yes"
"1264","Yes","No"
"1265","Yes","Yes"
"1266","No","No"
"1267","Yes","No"
"1268","Yes","Yes"
"1269","No","Yes"
"1270","No","Yes"
"1271","Yes","Yes"
"1272",NA,NA
"1273",NA,"No"
"1274","No","Yes"
"1275","No",NA
"1276","Yes","Yes"
"1277","Yes","No"
"1278","No","No"
"1279","Yes","No"
"1280","No","Yes"
"1281","Yes","Yes"
"1282","Yes","Yes"
"1283",NA,"Yes"
"1284","No","Yes"
"1285","No","No"
"1286","Yes","Yes"
"1287",NA,NA
"1288","Yes","Yes"
"1289","No","No"
"1290","No","No"
"1291","No","No"
"1292","Yes","No"
"1293","Yes","Yes"
"1294","Yes","No"
"1295","No","Yes"
"1296","Yes","No"
"1297",NA,"No"
"1298","Yes","Yes"
"1299","Yes","Yes"
"1300","Yes","Yes"
"1301","Yes","Yes"
"1302",NA,"Yes"
"1303","Yes","No"
"1304","No","No"
"1305","No","Yes"
"1306",NA,NA
"1307","Yes","Yes"
"1308","No","Yes"
"1309","No","Yes"
"1310",NA,NA
"1311",NA,"Yes"
"1312","Yes","Yes"
"1313","Yes","No"
"1314","Yes","Yes"
"1315","Yes","No"
"1316","No","Yes"
"1317","Yes","No"
"1318","No","Yes"
"1319","No","No"
"1320","Yes","Yes"
"1321","Yes","No"
"1322","No","Yes"
"1323","No","No"
"1324","Yes","No"
"1325","Yes",NA
"1326",NA,"Yes"
"1327",NA,"No"
"1328","Yes","No"
"1329","No","No"
"1330","Yes","No"
"1331","No","No"
"1332",NA,"Yes"
"1333","Yes","No"
"1334","No","Yes"
"1335","Yes","No"
"1336","Yes","Yes"
"1337",NA,"No"
"1338","No","No"
"1339","Yes","Yes"
"1340","No","Yes"
"1341","No","No"
"1342","No","Yes"
"1343","Yes","No"
"1344","No","No"
"1345","Yes","No"
"1346","No","Yes"
"1347","Yes","Yes"
"1348","Yes","Yes"
"1349","Yes","Yes"
"1350","No","Yes"
"1351","No","No"
"1352","No","Yes"
"1353","No","No"
"1354",NA,"Yes"
"1355",NA,"Yes"
"1356",NA,"No"
"1357","Yes","Yes"
"1358","Yes","Yes"
"1359","Yes","Yes"
"1360",NA,"Yes"
"1361",NA,"No"
"1362","No","No"
"1363","No","No"
"1364","Yes","Yes"
"1365","Yes","Yes"
"1366","No","Yes"
"1367","No","Yes"
"1368","Yes","Yes"
"1369","Yes","Yes"
"1370","Yes","No"
"1371","No","Yes"
"1372","No","Yes"
"1373","Yes","Yes"
"1374",NA,NA
"1375","No","Yes"
"1376","No","Yes"
"1377","No","Yes"
"1378","Yes","No"
"1379","No","No"
"1380","No","Yes"
"1381","No","Yes"
"1382","No","Yes"
"1383",NA,"No"
"1384",NA,"Yes"
"1385","Yes","Yes"
"1386",NA,"No"
"1387",NA,"Yes"
"1388","Yes","Yes"
"1389","No","No"
"1390","Yes","Yes"
"1391","No","No"
"1392","No","Yes"
"1393","No","No"
"1394","Yes","No"
"1395","Yes","Yes"
"1396","Yes","No"
"1397","No","Yes"
"1398","Yes","No"
"1399","Yes","No"
"1400","Yes","Yes"
"1401","Yes","Yes"
"1402","No","No"
"1403","No","No"
"1404","Yes","No"
"1405","Yes","Yes"
"1406",NA,"No"
"1407","Yes","Yes"
"1408","Yes","Yes"
"1409","Yes","Yes"
"1410",NA,"No"
"1411","Yes","No"
"1412","No","No"
"1413","Yes","Yes"
"1414","No","No"
"1415","Yes","Yes"
"1416","Yes","Yes"
"1417","Yes","No"
"1418","No","Yes"
"1419",NA,"Yes"
"1420","No","Yes"
"1421","Yes","Yes"
"1422","No","Yes"
"1423","Yes","Yes"
"1424","Yes","No"
"1425",NA,"Yes"
"1426",NA,"No"
"1427","No","Yes"
"1428","Yes",NA
"1429",NA,"No"
"1430","Yes","Yes"
"1431",NA,"Yes"
"1432",NA,"No"
"1433","Yes","Yes"
"1434",NA,"Yes"
"1435","Yes","No"
"1436","Yes","Yes"
"1437","Yes","No"
"1438","No","No"
"1439","Yes","Yes"
"1440",NA,"No"
"1441",NA,NA
"1442","No","No"
"1443","No","No"
"1444","Yes","No"
"1445","Yes","Yes"
"1446","No","No"
"1447","No","Yes"
"1448","Yes","Yes"
"1449","No","No"
"1450","No","No"
"1451","Yes","Yes"
"1452","Yes","No"
"1453","No","Yes"
"1454",NA,NA
"1455","Yes","No"
"1456","Yes","Yes"
"1457","Yes","Yes"
"1458","No","Yes"
"1459","No","Yes"
"1460","No","Yes"
"1461","No","Yes"
"1462","Yes","No"
"1463","Yes","Yes"
"1464","No","Yes"
"1465","No","No"
"1466","Yes","Yes"
"1467","No","No"
"1468",NA,NA
"1469","No","No"
"1470","Yes","No"
"1471","Yes","No"
"1472",NA,"No"
"1473","Yes","Yes"
"1474","Yes","Yes"
"1475","Yes","Yes"
"1476","No","No"
"1477","Yes","Yes"
"1478","No",NA
"1479","No","Yes"
"1480","Yes","No"
"1481","No","No"
"1482","Yes","No"
"1483","No","Yes"
"1484","No","No"
"1485",NA,"No"
"1486","No","Yes"
"1487","No","Yes"
"1488","Yes","Yes"
"1489",NA,"No"
"1490","No","No"
"1491","Yes","Yes"
"1492","No","No"
"1493","Yes","Yes"
"1494","No","Yes"
"1495","Yes","Yes"
"1496","No","Yes"
"1497","Yes","Yes"
"1498","Yes","No"
"1499","Yes","Yes"
"1500","Yes","Yes"
"1501",NA,"Yes"
"1502","No","No"
"1503",NA,"Yes"
"1504","Yes","Yes"
"1505",NA,"Yes"
"1506","No","No"
"1507","Yes","Yes"
"1508","Yes","Yes"
"1509","No","No"
"1510","Yes","Yes"
"1511","No","Yes"
"1512","Yes","No"
"1513",NA,NA
"1514","No","Yes"
"1515","Yes","Yes"
"1516","Yes","Yes"
"1517","No","No"
"1518","Yes","Yes"
"1519","Yes","Yes"
"1520","Yes","No"
"1521","Yes","Yes"
"1522","No","No"
"1523",NA,"Yes"
"1524","No","No"
"1525","Yes","Yes"
"1526",NA,"Yes"
"1527","Yes","Yes"
"1528","Yes","Yes"
"1529","No","Yes"
"1530","Yes","No"
"1531","No","No"
"1532","Yes","Yes"
"1533","Yes","No"
"1534","No","No"
"1535","No","Yes"
"1536","Yes","No"
"1537","No","Yes"
"1538","Yes","Yes"
"1539","No","No"
"1540","No","No"
"1541","Yes","Yes"
"1542","No","No"
"1543","Yes","No"
"1544","No","No"
"1545",NA,"Yes"
"1546","No","Yes"
"1547",NA,"No"
"1548","No","Yes"
"1549","No","No"
"1550","No","No"
"1551",NA,"No"
"1552","Yes","Yes"
"1553","Yes","No"
"1554",NA,"No"
"1555","No","Yes"
"1556",NA,"Yes"
"1557","Yes","No"
"1558","No","No"
"1559","Yes","No"
"1560","Yes","Yes"
"1561","No","Yes"
"1562","No","No"
"1563","Yes","Yes"
"1564","Yes","Yes"
"1565","Yes","Yes"
"1566","Yes","Yes"
"1567","No","Yes"
"1568","No","Yes"
"1569","No","Yes"
"1570","Yes","No"
"1571",NA,"No"
"1572","Yes","Yes"
"1573","No","No"
"1574","No","No"
"1575","Yes","No"
"1576","Yes","Yes"
"1577","Yes","Yes"
"1578","Yes","Yes"
"1579","No","Yes"
"1580","Yes","Yes"
"1581",NA,"No"
"1582","Yes","Yes"
"1583","No","No"
"1584","No","No"
"1585","No","No"
"1586","Yes","Yes"
"1587","Yes","No"
"1588","Yes","Yes"
"1589","Yes","Yes"
"1590","No","No"
"1591","Yes","No"
"1592",NA,"Yes"
"1593","Yes","Yes"
"1594","No","No"
"1595","No","Yes"
"1596","No","No"
"1597",NA,"Yes"
"1598","No","Yes"
"1599","No","No"
"1600","Yes","No"
"1601","Yes","No"
"1602","No","Yes"
"1603","Yes","No"
"1604",NA,"No"
"1605","No","No"
"1606","No","Yes"
"1607","No","No"
"1608","Yes","Yes"
"1609","Yes","Yes"
"1610","Yes","Yes"
"1611","No","No"
"1612","Yes","Yes"
"1613","Yes","No"
"1614",NA,"No"
"1615","Yes","No"
"1616","Yes","No"
"1617","Yes","No"
"1618",NA,"No"
"1619","No","Yes"
"1620","Yes","Yes"
"1621","No","No"
"1622","No","Yes"
"1623","Yes","Yes"
"1624","No","No"
"1625","No","No"
"1626","No","No"
"1627","No","No"
"1628","No","No"
"1629","No","No"
"1630",NA,"Yes"
"1631","Yes","No"
"1632","No","Yes"
"1633","No","Yes"
"1634","No","Yes"
"1635","Yes","Yes"
"1636","No","Yes"
"1637",NA,"No"
"1638",NA,"Yes"
"1639","Yes","Yes"
"1640","No","Yes"
"1641",NA,"No"
"1642","Yes","Yes"
"1643",NA,"No"
"1644","Yes","No"
"1645","Yes","Yes"
"1646","Yes","Yes"
"1647","Yes","Yes"
"1648","Yes","No"
"1649","No","No"
"1650","Yes","Yes"
"1651","No","Yes"
"1652","Yes","Yes"
"1653",NA,"No"
"1654",NA,"Yes"
"1655","Yes","Yes"
"1656","No","Yes"
"1657","No","No"
"1658","No","Yes"
"1659",NA,NA
"1660","No","No"
"1661","No","No"
"1662","No","No"
"1663","Yes","No"
"1664","No","Yes"
"1665","Yes","Yes"
"1666","Yes","No"
"1667",NA,"Yes"
"1668","Yes","Yes"
"1669","Yes","Yes"
"1670","Yes","Yes"
"1671","No","Yes"
"1672","Yes","Yes"
"1673","Yes","Yes"
"1674","Yes","Yes"
"1675","No","Yes"
"1676","No","No"
"1677","No","Yes"
"1678","No","No"
"1679","Yes","No"
"1680",NA,"No"
"1681","Yes","Yes"
"1682","Yes","No"
"1683","Yes","Yes"
"1684","Yes","Yes"
"1685","No","No"
"1686","Yes","No"
"1687","No","No"
"1688","Yes","No"
"1689","Yes","No"
"1690",NA,NA
"1691",NA,NA
"1692","Yes","Yes"
"1693","Yes","Yes"
"1694","No","No"
"1695","No","No"
"1696",NA,"Yes"
"1697","Yes","Yes"
"1698","No","No"
"1699","Yes","Yes"
"1700",NA,"Yes"
"1701","Yes","No"
"1702","Yes","Yes"
"1703","Yes","Yes"
"1704",NA,"Yes"
"1705","Yes","Yes"
"1706","No","No"
"1707",NA,"Yes"
"1708","No","No"
"1709","No","Yes"
"1710","Yes","Yes"
"1711","Yes","Yes"
"1712",NA,NA
"1713","No","Yes"
"1714","No","No"
"1715","Yes","Yes"
"1716","No","Yes"
"1717","Yes","Yes"
"1718","No","No"
"1719",NA,"No"
"1720","No","No"
"1721","No","Yes"
"1722","Yes","Yes"
"1723","Yes","Yes"
"1724","No",NA
"1725","No","No"
"1726","No","Yes"
"1727","Yes","Yes"
"1728","Yes","Yes"
"1729","Yes","No"
"1730",NA,"No"
"1731","Yes","Yes"
"1732","No","Yes"
"1733","Yes","Yes"
"1734","No","Yes"
"1735","No","No"
"1736","Yes",NA
"1737",NA,"No"
"1738","Yes","Yes"
"1739","Yes","Yes"
"1740","Yes","No"
"1741","Yes","Yes"
"1742","Yes","Yes"
"1743","Yes","Yes"
"1744","Yes","Yes"
"1745","No","Yes"
"1746","Yes","No"
"1747","No","Yes"
"1748","Yes","Yes"
"1749","No","Yes"
"1750","Yes","Yes"
"1751","No","No"
"1752","Yes","No"
"1753","No","Yes"
"1754","Yes","Yes"
"1755","Yes","Yes"
"1756","Yes","Yes"
"1757","No","No"
"1758","No","No"
"1759","Yes","Yes"
"1760","Yes","Yes"
"1761",NA,"No"
"1762",NA,"Yes"
"1763","No","No"
"1764",NA,"Yes"
"1765","No","No"
"1766","No","Yes"
"1767","No","Yes"
"1768","No","No"
"1769","No","Yes"
"1770","No","Yes"
"1771",NA,"Yes"
"1772","No","No"
"1773","No","Yes"
"1774","No","Yes"
"1775","No","No"
"1776","Yes","Yes"
"1777","Yes","Yes"
"1778","No","Yes"
"1779","Yes","Yes"
"1780","Yes","Yes"
"1781","Yes","Yes"
"1782","Yes","Yes"
"1783","No","No"
"1784","No","No"
"1785","No","No"
"1786","Yes","Yes"
"1787","Yes","Yes"
"1788","Yes","No"
"1789","Yes","No"
"1790","No","Yes"
"1791","Yes","No"
"1792","Yes","Yes"
"1793","Yes","Yes"
"1794",NA,"No"
"1795","No","Yes"
"1796","No","No"
"1797","No","No"
"1798","Yes","No"
"1799","No","Yes"
"1800","No","No"
"1801",NA,"No"
"1802","Yes","Yes"
"1803","Yes","Yes"
"1804","No","Yes"
"1805","No","Yes"
"1806","No","No"
"1807","Yes","Yes"
"1808","Yes","No"
"1809","Yes","Yes"
"1810","No","No"
"1811","No","Yes"
"1812","Yes","Yes"
"1813","No","No"
"1814","Yes","Yes"
"1815","Yes","Yes"
"1816","Yes","No"
"1817","Yes","No"
"1818","Yes","No"
"1819",NA,"No"
"1820","No","Yes"
"1821","No","Yes"
"1822","Yes","Yes"
"1823","No","Yes"
"1824","No","Yes"
"1825","No","Yes"
"1826","No","No"
"1827",NA,"No"
"1828",NA,"Yes"
"1829","Yes",NA
"1830","Yes","Yes"
"1831","No","Yes"
"1832","Yes","Yes"
"1833",NA,"Yes"
"1834","Yes","Yes"
"1835","Yes","Yes"
"1836","Yes","Yes"
"1837",NA,"Yes"
"1838",NA,"Yes"
"1839","Yes","No"
"1840","Yes","Yes"
"1841","No","Yes"
"1842","Yes","No"
"1843","Yes","Yes"
"1844","Yes","Yes"
"1845","Yes","Yes"
"1846","No","Yes"
"1847",NA,NA
"1848","Yes","Yes"
"1849","No","No"
"1850","Yes","Yes"
"1851","No","No"
"1852","Yes","Yes"
"1853",NA,"Yes"
"1854",NA,NA
"1855","Yes","Yes"
"1856","No","Yes"
"1857","Yes","Yes"
"1858","Yes","No"
"1859","No","Yes"
"1860",NA,"Yes"
"1861",NA,"Yes"
"1862","Yes","Yes"
"1863","No","No"
"1864","No","No"
"1865","No","No"
"1866",NA,"Yes"
"1867",NA,"No"
"1868","Yes","Yes"
"1869","No","No"
"1870","No","No"
"1871","No","Yes"
"1872",NA,"No"
"1873","No","Yes"
"1874","No","No"
"1875",NA,"No"
"1876","Yes","No"
"1877",NA,"Yes"
"1878","No","No"
"1879","Yes","Yes"
"1880",NA,NA
"1881","Yes","Yes"
"1882","No","Yes"
"1883","Yes","Yes"
"1884","No","Yes"
"1885","No","Yes"
"1886","No","Yes"
"1887","Yes","Yes"
"1888","Yes","No"
"1889","Yes","No"
"1890","Yes","Yes"
"1891","Yes","Yes"
"1892","Yes","No"
"1893","No","Yes"
"1894",NA,NA
"1895","Yes","Yes"
"1896","No","Yes"
"1897","Yes","Yes"
"1898","Yes","Yes"
"1899","No","Yes"
"1900","No","Yes"
"1901","No","Yes"
"1902","No","Yes"
"1903","No","No"
"1904","Yes","No"
"1905","No","No"
"1906","No","No"
"1907","Yes","Yes"
"1908","Yes","No"
"1909","Yes","Yes"
"1910","No","Yes"
"1911","No","Yes"
"1912","Yes","No"
"1913","Yes","No"
"1914","No","Yes"
"1915",NA,NA
"1916","No","Yes"
"1917",NA,"Yes"
"1918","No","Yes"
"1919","No","No"
"1920","No","Yes"
"1921","No","Yes"
"1922","Yes","No"
"1923","No","No"
"1924","No","Yes"
"1925","No","Yes"
"1926","Yes","No"
"1927",NA,"Yes"
"1928","Yes","Yes"
"1929","Yes","Yes"
"1930","No","Yes"
"1931","Yes","Yes"
"1932","No","Yes"
"1933","Yes","Yes"
"1934","No","Yes"
"1935","Yes","Yes"
"1936","Yes","Yes"
"1937","No","No"
"1938","No","Yes"
"1939","No","No"
"1940","Yes","Yes"
"1941","Yes","Yes"
"1942","Yes","Yes"
"1943","No","No"
"1944","No","Yes"
"1945","No","Yes"
"1946",NA,"No"
"1947","Yes","Yes"
"1948","Yes","No"
"1949","Yes","Yes"
"1950","No","Yes"
"1951",NA,"No"
"1952","No","No"
"1953","Yes","No"
"1954","No","No"
"1955",NA,NA
"1956","Yes","Yes"
"1957","Yes","Yes"
"1958","Yes","Yes"
"1959","No","No"
"1960","No","No"
"1961",NA,"No"
"1962","Yes","Yes"
"1963","No","No"
"1964","No","No"
"1965","Yes","Yes"
"1966","Yes","No"
"1967",NA,"Yes"
"1968","No","No"
"1969","Yes","Yes"
"1970","Yes","Yes"
"1971",NA,"Yes"
"1972","Yes","Yes"
"1973",NA,"Yes"
"1974",NA,"Yes"
"1975",NA,"No"
"1976",NA,NA
"1977","Yes","No"
"1978","Yes","No"
"1979","No","No"
"1980","No","No"
"1981","Yes","No"
"1982","Yes","No"
"1983","Yes","No"
"1984",NA,"Yes"
"1985","Yes","Yes"
"1986","No","Yes"
"1987",NA,NA
"1988","Yes","Yes"
"1989","No","No"
"1990",NA,"Yes"
"1991","Yes","No"
"1992","Yes","No"
"1993","Yes","Yes"
"1994","No","Yes"
"1995",NA,"Yes"
"1996","Yes","Yes"
"1997","No","Yes"
"1998","Yes","No"
"1999",NA,NA
"2000","Yes","No"
"2001",NA,"No"
"2002","No","No"
"2003","No","Yes"
"2004","Yes","Yes"
"2005","No","No"
"2006","No","No"
"2007","Yes","Yes"
"2008","Yes","Yes"
"2009",NA,"No"
"2010","No","No"
"2011","Yes","Yes"
"2012","No","No"
"2013","No","No"
"2014",NA,"No"
"2015","Yes","Yes"
"2016","No","Yes"
"2017","Yes","Yes"
"2018","Yes","Yes"
"2019","Yes","Yes"
"2020",NA,"No"
"2021","No","Yes"
"2022",NA,"No"
"2023","No","No"
"2024","No","No"
"2025",NA,"Yes"
"2026",NA,"No"
"2027","No","Yes"
"2028","No","Yes"
"2029","No","Yes"
"2030","No","No"
"2031","Yes","No"
"2032","Yes","Yes"
"2033","Yes","Yes"
"2034","Yes","No"
"2035","No","Yes"
"2036","Yes","No"
"2037","Yes","Yes"
"2038",NA,"Yes"
"2039","No","Yes"
"2040",NA,"Yes"
"2041","Yes","Yes"
"2042",NA,"Yes"
"2043","No","No"
"2044","No","No"
"2045","No","Yes"
"2046","Yes","Yes"
"2047",NA,"No"
"2048",NA,"Yes"
"2049","No","Yes"
"2050",NA,"Yes"
"2051",NA,NA
"2052","Yes","Yes"
"2053",NA,"Yes"
"2054","No","Yes"
"2055","Yes","Yes"
"2056",NA,"No"
"2057","No","Yes"
"2058",NA,"No"
"2059","Yes","Yes"
"2060","Yes","Yes"
"2061","No","Yes"
"2062","No","Yes"
"2063","Yes","Yes"
"2064","Yes","Yes"
"2065","Yes","Yes"
"2066","Yes","Yes"
"2067","No","No"
"2068","Yes","Yes"
"2069","No","Yes"
"2070","No","Yes"
"2071","No","Yes"
"2072","Yes","No"
"2073",NA,"No"
"2074",NA,NA
"2075","Yes","Yes"
"2076","No","No"
"2077","No","No"
"2078","Yes","No"
"2079","Yes","Yes"
"2080","Yes","No"
"2081","No","No"
"2082","Yes","No"
"2083","Yes","Yes"
"2084","Yes","Yes"
"2085","No","No"
"2086","Yes","No"
"2087","No","No"
"2088","Yes","Yes"
"2089","Yes","Yes"
"2090","No","No"
"2091","Yes","Yes"
"2092",NA,"Yes"
"2093","Yes","Yes"
"2094","No","No"
"2095",NA,"Yes"
"2096","Yes","Yes"
"2097","Yes","Yes"
"2098","No","No"
"2099","Yes","Yes"
"2100",NA,"Yes"
"2101","No","No"
"2102","No","Yes"
"2103","No","No"
"2104","No","No"
"2105","Yes","Yes"
"2106","No","No"
"2107","Yes","Yes"
"2108","Yes","Yes"
"2109","Yes","No"
"2110","No","Yes"
"2111","Yes","Yes"
"2112","No","Yes"
"2113","Yes","Yes"
"2114","No","No"
"2115","No","No"
"2116","No","Yes"
"2117","No","Yes"
"2118","No","Yes"
"2119","No","Yes"
"2120","No","Yes"
"2121","Yes","No"
"2122","No","Yes"
"2123","Yes","No"
"2124","No","Yes"
"2125",NA,"No"
"2126","No","No"
"2127","No","Yes"
"2128","No","Yes"
"2129","Yes","Yes"
"2130","Yes","Yes"
"2131","No","Yes"
"2132","Yes","Yes"
"2133","No","No"
"2134","Yes","Yes"
"2135",NA,NA
"2136",NA,"Yes"
"2137","Yes","Yes"
"2138",NA,"No"
"2139","Yes","Yes"
"2140","Yes","No"
"2141","No","Yes"
"2142","No","No"
"2143","Yes","Yes"
"2144","Yes","Yes"
"2145","Yes","Yes"
"2146","Yes","Yes"
"2147",NA,"No"
"2148","Yes","Yes"
"2149","Yes","Yes"
"2150","No","Yes"
"2151","Yes","Yes"
"2152","No","Yes"
"2153","Yes","Yes"
"2154","No","No"
"2155","Yes","Yes"
"2156","Yes","No"
"2157",NA,"Yes"
"2158",NA,"No"
"2159","No","Yes"
"2160","Yes","Yes"
"2161",NA,"No"
"2162","No","Yes"
"2163","Yes","Yes"
"2164","Yes","Yes"
"2165","Yes","No"
"2166","Yes","No"
"2167","No","No"
"2168","No","No"
"2169","No","Yes"
"2170","Yes","Yes"
"2171","No","No"
"2172","Yes","Yes"
"2173",NA,"No"
"2174",NA,NA
"2175","Yes","Yes"
"2176",NA,"Yes"
"2177","Yes","Yes"
"2178",NA,"No"
"2179","No","Yes"
"2180","Yes","Yes"
"2181","Yes","Yes"
"2182","No","Yes"
"2183","No","Yes"
"2184","Yes","Yes"
"2185","No","Yes"
"2186","Yes","Yes"
"2187","No","No"
"2188",NA,NA
"2189","Yes","Yes"
"2190",NA,NA
"2191","Yes","Yes"
"2192","Yes","Yes"
"2193",NA,"Yes"
"2194","Yes","No"
"2195","Yes","No"
"2196","No","Yes"
"2197","Yes","Yes"
"2198","No","No"
"2199","Yes","No"
"2200","Yes","No"
"2201","No","No"
"2202","No","No"
"2203","No","Yes"
"2204","No","Yes"
"2205","No","No"
"2206","Yes","Yes"
"2207","Yes","No"
"2208","No","No"
"2209","No","Yes"
"2210",NA,"Yes"
"2211","No","Yes"
"2212","No","No"
"2213","Yes","No"
"2214","Yes","No"
"2215","Yes","Yes"
"2216","Yes","Yes"
"2217","Yes","Yes"
"2218","Yes","Yes"
"2219","Yes","Yes"
"2220",NA,"Yes"
"2221",NA,"No"
"2222","Yes","Yes"
"2223",NA,"Yes"
"2224","Yes","Yes"
"2225","No","Yes"
"2226","Yes","Yes"
"2227",NA,"No"
"2228",NA,NA
"2229","Yes","Yes"
"2230","Yes","No"
"2231",NA,"Yes"
"2232","Yes","Yes"
"2233","Yes","Yes"
"2234",NA,NA
"2235","Yes","Yes"
"2236","No","No"
"2237",NA,"Yes"
"2238","No","Yes"
"2239",NA,NA
"2240","Yes","Yes"
"2241","No","No"
"2242","Yes","Yes"
"2243","No","Yes"
"2244","No","Yes"
"2245","Yes","No"
"2246","Yes","Yes"
"2247",NA,"No"
"2248","Yes","Yes"
"2249",NA,"Yes"
"2250","Yes","Yes"
"2251","No","No"
"2252","Yes","Yes"
"2253","Yes","Yes"
"2254","Yes","Yes"
"2255",NA,NA
"2256","No","Yes"
"2257","Yes","No"
"2258","No","No"
"2259","No","No"
"2260","No","No"
"2261","No","Yes"
"2262","Yes","Yes"
"2263",NA,"Yes"
"2264","No","Yes"
"2265",NA,"Yes"
"2266","Yes","Yes"
"2267","Yes","Yes"
"2268","No","No"
"2269",NA,"No"
"2270","Yes","Yes"
"2271","No","No"
"2272","No","No"
"2273","Yes","Yes"
"2274","No","No"
"2275","No","No"
"2276","Yes","Yes"
"2277","Yes","Yes"
"2278","Yes","Yes"
"2279","No","Yes"
"2280","Yes","Yes"
"2281","Yes","Yes"
"2282","Yes","No"
"2283","Yes","Yes"
"2284","Yes","No"
"2285","Yes","Yes"
"2286","Yes","No"
"2287","No","Yes"
"2288","No","No"
"2289","No","Yes"
"2290","Yes","Yes"
"2291",NA,"Yes"
"2292","Yes","Yes"
"2293",NA,NA
"2294","Yes","No"
"2295","No","Yes"
"2296","Yes","Yes"
"2297","Yes","Yes"
"2298","Yes","Yes"
"2299",NA,"Yes"
"2300","Yes","Yes"
"2301","Yes","No"
"2302","Yes","No"
"2303","Yes","No"
"2304","Yes","No"
"2305","No","No"
"2306","No","No"
"2307","No","No"
"2308","No","Yes"
"2309","Yes","No"
"2310","No","No"
"2311","Yes","No"
"2312",NA,"Yes"
"2313",NA,"Yes"
"2314",NA,"Yes"
"2315","Yes","Yes"
"2316","Yes","No"
"2317","No","No"
"2318","Yes","Yes"
"2319","Yes","No"
"2320","Yes","No"
"2321","Yes","Yes"
"2322","No","No"
"2323","Yes","Yes"
"2324","No","Yes"
"2325","Yes","Yes"
"2326","No","Yes"
"2327",NA,"No"
"2328","No","Yes"
"2329","No","Yes"
"2330","No","Yes"
"2331","Yes","Yes"
"2332",NA,NA
"2333",NA,"No"
"2334","No","No"
"2335","No","No"
"2336","Yes","No"
"2337",NA,"No"
"2338","No","No"
"2339","No","Yes"
"2340","Yes","No"
"2341","Yes","Yes"
"2342",NA,"No"
"2343","No","No"
"2344","No","Yes"
"2345","No","Yes"
"2346","No","Yes"
"2347","Yes","No"
"2348","Yes","Yes"
"2349","Yes","Yes"
"2350","Yes","Yes"
"2351",NA,NA
"2352","Yes","No"
"2353","Yes","Yes"
"2354","No","No"
"2355","No","No"
"2356","Yes","Yes"
"2357","Yes","Yes"
"2358","No","No"
"2359","No","Yes"
"2360","Yes","No"
"2361","No","Yes"
"2362","Yes","Yes"
"2363","Yes","Yes"
"2364","Yes","Yes"
"2365","Yes","Yes"
"2366",NA,"Yes"
"2367",NA,"Yes"
"2368","Yes","No"
"2369",NA,"Yes"
"2370",NA,"No"
"2371","No","No"
"2372",NA,"Yes"
"2373","Yes","Yes"
"2374","Yes","Yes"
"2375","Yes","Yes"
"2376","Yes","No"
"2377","Yes","Yes"
"2378","Yes","Yes"
"2379","Yes","Yes"
"2380","No","No"
"2381","Yes","Yes"
"2382",NA,NA
"2383","No","No"
"2384",NA,"Yes"
"2385",NA,"No"
"2386","No","Yes"
"2387",NA,"No"
"2388","No","Yes"
"2389","Yes","No"
"2390","No","No"
"2391","No","No"
"2392","Yes","No"
"2393","No","No"
"2394","Yes","Yes"
"2395","No","Yes"
"2396","No","Yes"
"2397","Yes","Yes"
"2398","Yes","Yes"
"2399",NA,"No"
"2400",NA,"Yes"
"2401","No","No"
"2402","No","No"
"2403","Yes","No"
"2404","No","Yes"
"2405","No","No"
"2406","Yes","No"
"2407","Yes","Yes"
"2408",NA,"Yes"
"2409","No","Yes"
"2410",NA,"Yes"
"2411",NA,"No"
"2412","No","No"
"2413","No","Yes"
"2414","Yes","Yes"
"2415",NA,"Yes"
"2416",NA,"No"
"2417","No","No"
"2418","Yes","Yes"
"2419","No","Yes"
"2420","Yes","No"
"2421","Yes","Yes"
"2422","No","Yes"
"2423","No","Yes"
"2424","Yes","Yes"
"2425","Yes","Yes"
"2426","Yes","Yes"
"2427","No","Yes"
"2428","No","Yes"
"2429","No","Yes"
"2430","Yes","No"
"2431","Yes",NA
"2432","Yes","Yes"
"2433","Yes","No"
"2434","No","No"
"2435","Yes","Yes"
"2436","No","Yes"
"2437","Yes","No"
"2438","Yes","No"
"2439","No","No"
"2440",NA,"No"
"2441","No","Yes"
"2442","Yes","Yes"
"2443",NA,"Yes"
"2444",NA,NA
"2445","No","Yes"
"2446","No","No"
"2447","Yes","Yes"
"2448","Yes","Yes"
"2449","Yes","Yes"
"2450","Yes","No"
"2451","No","Yes"
"2452",NA,"Yes"
"2453",NA,"No"
"2454","Yes","Yes"
"2455","Yes","No"
"2456","Yes","No"
"2457","Yes","Yes"
"2458","Yes","No"
"2459","No","Yes"
"2460","Yes","Yes"
"2461",NA,"Yes"
"2462","Yes","Yes"
"2463","No","No"
"2464","Yes","No"
"2465","No","No"
"2466",NA,"No"
"2467","No","Yes"
"2468","Yes","Yes"
"2469",NA,"Yes"
"2470",NA,"No"
"2471","No","No"
"2472","No","No"
"2473",NA,NA
"2474","No","Yes"
"2475","No","Yes"
"2476","No","No"
"2477","No","Yes"
"2478","No","Yes"
"2479","No","No"
"2480","Yes",NA
"2481","No","No"
"2482","Yes","Yes"
"2483","Yes","Yes"
"2484","No","Yes"
"2485","No","Yes"
"2486","Yes","Yes"
"2487",NA,"Yes"
"2488","Yes","Yes"
"2489","No","No"
"2490","Yes","Yes"
"2491","Yes","Yes"
"2492","Yes","Yes"
"2493","Yes","Yes"
"2494","Yes","Yes"
"2495","No","No"
"2496","Yes","No"
"2497","Yes","No"
"2498","Yes","No"
"2499",NA,NA
"2500",NA,"Yes"
"2501","Yes","Yes"
"2502",NA,"Yes"
"2503","Yes","No"
"2504","No","Yes"
"2505",NA,"No"
"2506","Yes","No"
"2507","No","No"
"2508","Yes","No"
"2509","No","No"
"2510","Yes","Yes"
"2511","No","No"
"2512","Yes","Yes"
"2513","Yes","Yes"
"2514","Yes","Yes"
"2515","Yes","Yes"
"2516","No","No"
"2517",NA,"No"
"2518","No","Yes"
"2519","Yes","Yes"
"2520",NA,"Yes"
"2521","Yes","Yes"
"2522","Yes","Yes"
"2523","Yes","No"
"2524","No","No"
"2525","Yes","Yes"
"2526","Yes","Yes"
"2527","No","No"
"2528","Yes","Yes"
"2529",NA,"No"
"2530",NA,"No"
"2531","No","No"
"2532","Yes","Yes"
"2533","No","Yes"
"2534","Yes","No"
"2535",NA,"No"
"2536","No","Yes"
"2537","No","No"
"2538","No","No"
"2539",NA,"Yes"
"2540","Yes","Yes"
"2541","No","No"
"2542","Yes","Yes"
"2543",NA,NA
"2544","No","No"
"2545","Yes","Yes"
"2546","Yes","Yes"
"2547","Yes","Yes"
"2548",NA,"Yes"
"2549","Yes","No"
"2550","Yes","Yes"
"2551","Yes","No"
"2552","No","No"
"2553","No","No"
"2554",NA,"Yes"
"2555","Yes","Yes"
"2556","Yes","Yes"
"2557","Yes","Yes"
"2558","Yes","Yes"
"2559",NA,"Yes"
"2560","No","Yes"
"2561","No","Yes"
"2562","Yes","Yes"
"2563","No","Yes"
"2564",NA,NA
"2565","No","No"
"2566","Yes","Yes"
"2567","Yes","Yes"
"2568","Yes","Yes"
"2569","Yes","Yes"
"2570",NA,NA
"2571","No","Yes"
"2572","No","No"
"2573","Yes","No"
"2574",NA,"No"
"2575","Yes","No"
"2576","Yes","Yes"
"2577",NA,"No"
"2578",NA,"Yes"
"2579",NA,"Yes"
"2580","No","Yes"
"2581",NA,"No"
"2582","Yes","Yes"
"2583","No","Yes"
"2584","No","Yes"
"2585",NA,"Yes"
"2586",NA,"Yes"
"2587","Yes","Yes"
"2588","Yes","No"
"2589","Yes","Yes"
"2590","Yes","Yes"
"2591","No","Yes"
"2592","Yes","No"
"2593","Yes","Yes"
"2594","Yes","Yes"
"2595","No","Yes"
"2596","Yes","Yes"
"2597","Yes","Yes"
"2598","Yes","No"
"2599","Yes","Yes"
"2600","Yes","Yes"
"2601",NA,"Yes"
"2602","Yes","No"
"2603",NA,"No"
"2604","Yes","Yes"
"2605","Yes","Yes"
"2606","No","No"
"2607","No","No"
"2608","Yes","Yes"
"2609","Yes","No"
"2610","Yes","Yes"
"2611","Yes","Yes"
"2612",NA,"Yes"
"2613",NA,"No"
"2614","Yes","No"
"2615","No","No"
"2616","No","Yes"
"2617",NA,NA
"2618",NA,"Yes"
"2619","Yes","Yes"
"2620",NA,"No"
"2621","No","No"
"2622","No","No"
"2623","No","No"
"2624","Yes","Yes"
"2625","Yes","No"
"2626","No","Yes"
"2627","Yes","Yes"
"2628",NA,"No"
"2629","No","No"
"2630","No","Yes"
"2631","Yes","Yes"
"2632","Yes","No"
"2633","Yes","Yes"
"2634","Yes","Yes"
"2635","Yes","Yes"
"2636","Yes","Yes"
"2637",NA,"Yes"
"2638",NA,"Yes"
"2639","No","Yes"
"2640","Yes","No"
"2641","Yes","Yes"
"2642","Yes","Yes"
"2643","Yes","Yes"
"2644","Yes","No"
"2645","No","Yes"
"2646","Yes","No"
"2647",NA,"Yes"
"2648","No","Yes"
"2649","Yes","Yes"
"2650","Yes","Yes"
"2651",NA,NA
"2652","No","No"
"2653","No","Yes"
"2654","Yes","Yes"
"2655","Yes","Yes"
"2656","No","Yes"
"2657","Yes","Yes"
"2658","No","No"
"2659",NA,"Yes"
"2660",NA,"Yes"
"2661","No","Yes"
"2662","Yes","Yes"
"2663","Yes","No"
"2664","Yes","Yes"
"2665","Yes","Yes"
"2666","Yes","Yes"
"2667","No","No"
"2668",NA,NA
"2669","No","Yes"
"2670","No","Yes"
"2671","Yes","No"
"2672","Yes","No"
"2673","No","No"
"2674","No","No"
"2675","No","No"
"2676","Yes","Yes"
"2677","No","Yes"
"2678","Yes","Yes"
"2679",NA,"No"
"2680","No","No"
"2681","Yes","Yes"
"2682","Yes","No"
"2683","Yes","Yes"
"2684","Yes","No"
"2685","Yes","Yes"
"2686","No","No"
"2687",NA,"Yes"
"2688","Yes","Yes"
"2689","No","Yes"
"2690","No","No"
"2691","No","No"
"2692","Yes","Yes"
"2693","No","No"
"2694","Yes","Yes"
"2695","No","No"
"2696","Yes","No"
"2697","Yes","Yes"
"2698","Yes","No"
"2699",NA,NA
"2700","No","No"
"2701","No","Yes"
"2702","No","No"
"2703","No","Yes"
"2704","No","No"
"2705","No","Yes"
"2706","Yes","Yes"
"2707","Yes","Yes"
"2708","Yes","Yes"
"2709","Yes","No"
"2710","No","No"
"2711","Yes","Yes"
"2712",NA,NA
"2713","Yes","Yes"
"2714","No","Yes"
"2715","Yes","No"
"2716",NA,"No"
"2717","Yes","Yes"
"2718","Yes","Yes"
"2719","Yes","No"
"2720","Yes","No"
"2721","No","Yes"
"2722","No","Yes"
"2723","Yes","No"
"2724","Yes","Yes"
"2725","Yes","Yes"
"2726","No","Yes"
"2727","Yes","Yes"
"2728","No","No"
"2729","No","No"
"2730",NA,"Yes"
"2731","No","Yes"
"2732","Yes","Yes"
"2733","Yes","No"
"2734","Yes","Yes"
"2735","Yes","Yes"
"2736","No","No"
"2737","Yes","Yes"
"2738","No","No"
"2739","No","No"
"2740","No","Yes"
"2741","Yes","Yes"
"2742","Yes","Yes"
"2743","No","Yes"
"2744","No","No"
"2745","Yes","Yes"
"2746","No","No"
"2747",NA,NA
"2748","Yes","No"
"2749","Yes","Yes"
"2750","Yes","No"
"2751",NA,"Yes"
"2752","No","No"
"2753","No","Yes"
"2754","Yes","Yes"
"2755","Yes","Yes"
"2756",NA,"No"
"2757","No","No"
"2758",NA,"No"
"2759","No","No"
"2760","Yes","No"
"2761","No","No"
"2762",NA,"No"
"2763","No","Yes"
"2764","Yes","Yes"
"2765",NA,"Yes"
"2766","Yes","No"
"2767","No","Yes"
"2768","No","No"
"2769","No","Yes"
"2770","Yes","Yes"
"2771","Yes","Yes"
"2772","Yes","Yes"
"2773",NA,"No"
"2774",NA,"Yes"
"2775","No","No"
"2776","No","No"
"2777","No","No"
"2778","No","Yes"
"2779","No","Yes"
"2780","Yes","No"
"2781","Yes","Yes"
"2782","Yes","Yes"
"2783","Yes","Yes"
"2784","No","No"
"2785","Yes","Yes"
"2786","No","No"
"2787","Yes","No"
"2788","No","Yes"
"2789","No","No"
"2790","No","Yes"
"2791","No","No"
"2792","No","Yes"
"2793","Yes","Yes"
"2794",NA,NA
"2795","Yes","Yes"
"2796","No","No"
"2797","Yes","Yes"
"2798","No","No"
"2799","No","No"
"2800","No","Yes"
"2801","No","No"
"2802","No","No"
"2803","No","Yes"
"2804","Yes","Yes"
"2805","Yes","Yes"
"2806",NA,"Yes"
"2807","No","No"
"2808","No","No"
"2809","No","Yes"
"2810","Yes","No"
"2811","Yes","No"
"2812","No","Yes"
"2813","No","No"
"2814","No","No"
"2815","No","No"
"2816",NA,"Yes"
"2817","No","No"
"2818","Yes","Yes"
"2819","No","Yes"
"2820","Yes","No"
"2821",NA,"Yes"
"2822","No","No"
"2823","Yes","Yes"
"2824","Yes","Yes"
"2825","Yes","No"
"2826",NA,NA
"2827",NA,"Yes"
"2828","No","Yes"
"2829","Yes","No"
"2830","Yes","Yes"
"2831","No","Yes"
"2832","Yes","Yes"
"2833","No","No"
"2834","No","No"
"2835","Yes","Yes"
"2836","Yes","No"
"2837","Yes","Yes"
"2838","Yes","Yes"
"2839","No","No"
"2840",NA,"Yes"
"2841","No","No"
"2842","No","No"
"2843","Yes","No"
"2844",NA,"No"
"2845","No","Yes"
"2846","Yes","Yes"
"2847","No","No"
"2848","No","No"
"2849",NA,"No"
"2850","Yes","No"
"2851","Yes","Yes"
"2852",NA,NA
"2853","No","Yes"
"2854",NA,NA
"2855","No","No"
"2856","No","No"
"2857","No","No"
"2858","Yes","Yes"
"2859","No","Yes"
"2860","No","Yes"
"2861",NA,"Yes"
"2862",NA,"No"
"2863","Yes","Yes"
"2864","No","Yes"
"2865","No","Yes"
"2866","Yes","Yes"
"2867","No","Yes"
"2868","Yes","Yes"
"2869","Yes","Yes"
"2870","Yes","Yes"
"2871",NA,"Yes"
"2872","Yes","No"
"2873","Yes","No"
"2874",NA,NA
"2875","No",NA
"2876","Yes","Yes"
"2877","No","No"
"2878","No","Yes"
"2879",NA,"Yes"
"2880","Yes","Yes"
"2881","No","No"
"2882",NA,"Yes"
"2883",NA,"No"
"2884","Yes","No"
"2885",NA,"No"
"2886",NA,"No"
"2887","Yes","No"
"2888","No","No"
"2889","No","No"
"2890",NA,NA
"2891","Yes","Yes"
"2892","Yes","Yes"
"2893","Yes","Yes"
"2894","No","No"
"2895","No","No"
"2896","No","Yes"
"2897","No","Yes"
"2898","No","Yes"
"2899","No","Yes"
"2900","Yes","Yes"
"2901","No","Yes"
"2902","No","Yes"
"2903","Yes","Yes"
"2904","No","No"
"2905","Yes","Yes"
"2906","Yes","Yes"
"2907","Yes","No"
"2908","No","No"
"2909",NA,NA
"2910","No","Yes"
"2911","Yes","No"
"2912","No","No"
"2913","No","Yes"
"2914","Yes","Yes"
"2915","No","No"
"2916",NA,"Yes"
"2917",NA,"Yes"
"2918",NA,"Yes"
"2919","No","Yes"
"2920","Yes","Yes"
"2921","Yes","Yes"
"2922","No","Yes"
"2923","Yes","Yes"
"2924","Yes","No"
"2925","Yes","No"
"2926","No","Yes"
"2927","Yes","Yes"
"2928","No","No"
"2929","Yes","Yes"
"2930",NA,"No"
"2931","Yes","Yes"
"2932","Yes","No"
"2933","Yes","No"
"2934",NA,"Yes"
"2935","Yes","No"
"2936","No","Yes"
"2937","No","Yes"
"2938","Yes","Yes"
"2939","No","No"
"2940","No","Yes"
"2941","Yes","Yes"
"2942","Yes","Yes"
"2943","Yes","No"
"2944","No","Yes"
"2945","Yes","No"
"2946","Yes","Yes"
"2947","Yes","No"
"2948","Yes","Yes"
"2949","Yes","Yes"
"2950","No","Yes"
"2951","Yes","Yes"
"2952","Yes","No"
"2953","No","Yes"
"2954","No","Yes"
"2955","Yes","Yes"
"2956","No","Yes"
"2957","Yes","Yes"
"2958","Yes","Yes"
"2959","Yes","No"
"2960","Yes","Yes"
"2961","Yes","Yes"
"2962","Yes","Yes"
"2963","No","No"
"2964",NA,"No"
"2965","Yes","No"
"2966","No","No"
"2967","No","No"
"2968","No","No"
"2969","No","Yes"
"2970",NA,"No"
"2971","Yes","Yes"
"2972","No","Yes"
"2973","No","No"
"2974","Yes","Yes"
"2975","No","Yes"
"2976","Yes","Yes"
"2977","Yes","Yes"
"2978",NA,"Yes"
"2979","Yes","Yes"
"2980","Yes","No"
"2981","Yes","Yes"
"2982",NA,"No"
"2983","No","No"
"2984",NA,"Yes"
"2985","Yes","No"
"2986","No","No"
"2987",NA,"Yes"
"2988","Yes","Yes"
"2989","Yes","Yes"
"2990","Yes","Yes"
"2991","Yes","Yes"
"2992","Yes","No"
"2993","No","Yes"
"2994","No","Yes"
"2995","Yes","Yes"
"2996",NA,"Yes"
"2997","No","No"
"2998","No","No"
"2999","Yes","No"
"3000","No","Yes"
"3001","No","Yes"
"3002",NA,"Yes"
"3003","Yes","Yes"
"3004","Yes","Yes"
"3005","No","No"
"3006","Yes","Yes"
"3007","Yes","Yes"
"3008","Yes","Yes"
"3009","Yes","Yes"
"3010",NA,"Yes"
"3011","Yes","Yes"
"3012",NA,"Yes"
"3013","No","No"
"3014","No",NA
"3015","No","Yes"
"3016","Yes","Yes"
"3017",NA,"Yes"
"3018","No","No"
"3019","Yes","No"
"3020","Yes","No"
"3021","Yes","Yes"
"3022","Yes","Yes"
"3023","No","No"
"3024","No","No"
"3025",NA,NA
"3026","Yes","Yes"
"3027","No","Yes"
"3028","No","Yes"
"3029",NA,"Yes"
"3030","Yes","No"
"3031",NA,"No"
"3032","Yes","No"
"3033","No","No"
"3034","No","Yes"
"3035","Yes","Yes"
"3036",NA,"Yes"
"3037","Yes","No"
"3038",NA,NA
"3039","No","Yes"
"3040","No","No"
"3041","No","No"
"3042","Yes","Yes"
"3043","No","Yes"
"3044",NA,"Yes"
"3045","Yes","Yes"
"3046","Yes","Yes"
"3047","Yes","No"
"3048",NA,"Yes"
"3049","Yes","No"
"3050","Yes","Yes"
"3051",NA,"Yes"
"3052","No","Yes"
"3053",NA,"No"
"3054","No","Yes"
"3055","Yes","No"
"3056","Yes","No"
"3057","Yes","Yes"
"3058","Yes","No"
"3059","No","No"
"3060","Yes","Yes"
"3061",NA,"Yes"
"3062","No","No"
"3063","Yes","Yes"
"3064","Yes","No"
"3065","Yes","Yes"
"3066","No","No"
"3067","Yes","Yes"
"3068","Yes","Yes"
"3069","No","Yes"
"3070","Yes","Yes"
"3071","Yes","Yes"
"3072","No","No"
"3073","Yes","No"
"3074","No","Yes"
"3075","Yes","Yes"
"3076","No","No"
"3077","No","No"
"3078","Yes","Yes"
"3079","Yes","No"
"3080","No","Yes"
"3081","Yes","No"
"3082","Yes","No"
"3083","Yes","Yes"
"3084","No","Yes"
"3085","No","Yes"
"3086","No","No"
"3087","Yes","Yes"
"3088","No","No"
"3089","No","Yes"
"3090","Yes","No"
"3091","No","Yes"
"3092","Yes","Yes"
"3093","Yes","Yes"
"3094","No","Yes"
"3095","Yes","No"
"3096","No","No"
"3097","No","No"
"3098","No","No"
"3099","Yes","Yes"
"3100","No","Yes"
"3101","Yes","No"
"3102","No","No"
"3103","No","Yes"
"3104",NA,"No"
"3105","Yes","No"
"3106","Yes","Yes"
"3107","No","Yes"
"3108","No","No"
"3109","Yes","No"
"3110","Yes","Yes"
"3111","Yes","Yes"
"3112","Yes","No"
"3113","No","Yes"
"3114","Yes","Yes"
"3115","No","Yes"
"3116","No","No"
"3117",NA,"No"
"3118","Yes","Yes"
"3119","No","Yes"
"3120","No","No"
"3121","Yes","Yes"
"3122","No","Yes"
"3123","No","No"
"3124","No","No"
"3125","Yes","No"
"3126","No","No"
"3127","Yes","No"
"3128","No","Yes"
"3129","Yes","Yes"
"3130",NA,"No"
"3131","Yes","Yes"
"3132",NA,"No"
"3133","No","No"
"3134",NA,"No"
"3135","Yes","No"
"3136","No","No"
"3137","Yes","No"
"3138","No","No"
"3139","No","Yes"
"3140","No","No"
"3141","Yes","Yes"
"3142","No","No"
"3143","Yes","Yes"
"3144","No","No"
"3145","No","Yes"
"3146","No","Yes"
"3147","No","Yes"
"3148",NA,"Yes"
"3149","No","Yes"
"3150","Yes","Yes"
"3151","No","No"
"3152","Yes","Yes"
"3153","Yes","Yes"
"3154","Yes","Yes"
"3155","Yes","Yes"
"3156","Yes","No"
"3157","No","No"
"3158","No","No"
"3159","Yes","Yes"
"3160","Yes","Yes"
"3161",NA,"Yes"
"3162","No","No"
"3163","No","Yes"
"3164",NA,"No"
"3165","Yes","Yes"
"3166","No","No"
"3167","Yes","Yes"
"3168",NA,NA
"3169",NA,NA
"3170","Yes","Yes"
"3171","Yes","Yes"
"3172",NA,"Yes"
"3173","No","Yes"
"3174","No","Yes"
"3175",NA,"Yes"
"3176","Yes","No"
"3177","Yes","Yes"
"3178","No","No"
"3179","No","No"
"3180",NA,"Yes"
"3181","Yes","Yes"
"3182",NA,"No"
"3183","Yes","Yes"
"3184","No","Yes"
"3185","Yes","No"
"3186",NA,"Yes"
"3187","Yes","Yes"
"3188","No","No"
"3189","Yes","Yes"
"3190","Yes","No"
"3191",NA,"Yes"
"3192",NA,"Yes"
"3193",NA,NA
"3194","Yes","No"
"3195","No","Yes"
"3196","Yes","Yes"
"3197","No","Yes"
"3198","No","Yes"
"3199","Yes","Yes"
"3200","No","Yes"
"3201","No","No"
"3202","No","No"
"3203",NA,"Yes"
"3204","No","Yes"
"3205",NA,"No"
"3206","No","No"
"3207","Yes","Yes"
"3208","Yes","Yes"
"3209",NA,"Yes"
"3210","No","Yes"
"3211","No","Yes"
"3212","Yes","Yes"
"3213","No","No"
"3214","Yes","Yes"
"3215","No","No"
"3216","No","No"
"3217","Yes","Yes"
"3218","Yes","Yes"
"3219","Yes","Yes"
"3220","No","No"
"3221","Yes",NA
"3222","Yes","Yes"
"3223",NA,"Yes"
"3224","No","No"
"3225",NA,"Yes"
"3226","Yes","Yes"
"3227","Yes","Yes"
"3228","Yes","No"
"3229","No","No"
"3230",NA,NA
"3231","No","Yes"
"3232","Yes","Yes"
"3233","No","No"
"3234","No","No"
"3235","No","No"
"3236","No","No"
"3237","Yes","Yes"
"3238",NA,"No"
"3239","No","Yes"
"3240","No","Yes"
"3241","No","Yes"
"3242","Yes","Yes"
"3243","No","Yes"
"3244","Yes","Yes"
"3245","Yes","No"
"3246","Yes","Yes"
"3247","No","Yes"
"3248","Yes","Yes"
"3249","Yes","No"
"3250",NA,"No"
"3251","Yes","Yes"
"3252",NA,NA
"3253","No","Yes"
"3254","Yes","Yes"
"3255",NA,"No"
"3256","No","No"
"3257",NA,"No"
"3258","Yes","Yes"
"3259","No","Yes"
"3260","Yes","Yes"
"3261",NA,"Yes"
"3262","No","No"
"3263","Yes","Yes"
"3264","No","No"
"3265","Yes","Yes"
"3266","Yes","Yes"
"3267",NA,NA
"3268","Yes","Yes"
"3269","No","No"
"3270","Yes","Yes"
"3271","Yes","No"
"3272","Yes","Yes"
"3273",NA,"No"
"3274","Yes","No"
"3275",NA,"No"
"3276","Yes","No"
"3277","No","Yes"
"3278","No","Yes"
"3279","Yes","Yes"
"3280","Yes","Yes"
"3281","No","No"
"3282","Yes","Yes"
"3283","Yes","No"
"3284",NA,NA
"3285","Yes","Yes"
"3286","No","Yes"
"3287",NA,NA
"3288","No","No"
"3289","No","Yes"
"3290","Yes","Yes"
"3291","No","Yes"
"3292","Yes","Yes"
"3293",NA,"Yes"
"3294","Yes","No"
"3295",NA,"Yes"
"3296","No","Yes"
"3297","Yes","Yes"
"3298","No","No"
"3299","No","No"
"3300",NA,"Yes"
"3301","No","No"
"3302",NA,"Yes"
"3303",NA,"Yes"
"3304","No","Yes"
"3305",NA,"Yes"
"3306","Yes","Yes"
"3307","No","No"
"3308",NA,"Yes"
"3309","No","Yes"
"3310",NA,"No"
"3311","No",NA
"3312",NA,"Yes"
"3313","Yes","No"
"3314",NA,"No"
"3315","No","Yes"
"3316","No","Yes"
"3317","No","Yes"
"3318","No","Yes"
"3319","Yes","Yes"
"3320","No","Yes"
"3321","No","Yes"
"3322","No","Yes"
"3323","No","Yes"
"3324","No","No"
"3325","Yes","Yes"
"3326","No","Yes"
"3327",NA,"Yes"
"3328","No","Yes"
"3329","No","No"
"3330","Yes","Yes"
"3331","No","No"
"3332",NA,"Yes"
"3333","No","No"
"3334","Yes","Yes"
"3335","Yes","No"
"3336","No","No"
"3337","Yes","No"
"3338","Yes","No"
"3339","Yes","No"
"3340","Yes","Yes"
"3341","No","Yes"
"3342","Yes","No"
"3343","Yes","Yes"
"3344","No","Yes"
"3345","Yes","Yes"
"3346","Yes","Yes"
"3347",NA,"No"
"3348","No","Yes"
"3349","No","Yes"
"3350","Yes","Yes"
"3351","Yes","No"
"3352","Yes","Yes"
"3353","Yes","Yes"
"3354",NA,"Yes"
"3355",NA,"Yes"
"3356","Yes","Yes"
"3357",NA,"No"
"3358","Yes","Yes"
"3359",NA,"Yes"
"3360","Yes","Yes"
"3361","No","No"
"3362","Yes","No"
"3363","Yes","Yes"
"3364","No","No"
"3365","Yes","Yes"
"3366","No","Yes"
"3367","No",NA
"3368","Yes","No"
"3369",NA,NA
"3370",NA,"Yes"
"3371","Yes","Yes"
"3372","Yes","No"
"3373","No","No"
"3374","Yes","Yes"
"3375","No","No"
"3376","No","No"
"3377","No","No"
"3378",NA,"Yes"
"3379","Yes","Yes"
"3380","No","No"
"3381",NA,"No"
"3382","No","Yes"
"3383","Yes","Yes"
"3384","No","Yes"
"3385","No","No"
"3386","Yes","Yes"
"3387","No","No"
"3388","Yes","No"
"3389","No","Yes"
"3390","No","Yes"
"3391","Yes","Yes"
"3392",NA,"Yes"
"3393",NA,"Yes"
"3394","No","Yes"
"3395","Yes","Yes"
"3396","Yes","No"
"3397","No","No"
"3398","Yes","Yes"
"3399","No","No"
"3400","Yes","No"
"3401","No","Yes"
"3402","Yes","No"
"3403",NA,"Yes"
"3404","No","No"
"3405","Yes","Yes"
"3406","Yes","Yes"
"3407","Yes","Yes"
"3408","Yes","Yes"
"3409","Yes","No"
"3410","No","Yes"
"3411","No","Yes"
"3412","Yes","Yes"
"3413","No","No"
"3414","No","Yes"
"3415","No","No"
"3416","No","No"
"3417","No","Yes"
"3418","No","No"
"3419","No","No"
"3420",NA,"Yes"
"3421","No","Yes"
"3422","No","Yes"
"3423","Yes","Yes"
"3424","No","No"
"3425","No","Yes"
"3426","Yes","Yes"
"3427","Yes","Yes"
"3428","No","No"
"3429","No","Yes"
"3430",NA,"Yes"
"3431","No","Yes"
"3432","No","Yes"
"3433","Yes","Yes"
"3434",NA,NA
"3435","Yes","Yes"
"3436","Yes","Yes"
"3437","Yes","Yes"
"3438","Yes","Yes"
"3439","Yes","Yes"
"3440","No","No"
"3441",NA,"No"
"3442",NA,"No"
"3443","No","No"
"3444",NA,"Yes"
"3445","Yes","No"
"3446","No","Yes"
"3447","Yes","No"
"3448","Yes","Yes"
"3449","Yes","Yes"
"3450",NA,"Yes"
"3451","Yes","Yes"
"3452","No","No"
"3453","Yes","Yes"
"3454","No","Yes"
"3455","Yes","Yes"
"3456",NA,"Yes"
"3457",NA,"Yes"
"3458","Yes","No"
"3459","Yes","Yes"
"3460","No","Yes"
"3461",NA,"Yes"
"3462","Yes","Yes"
"3463","Yes","Yes"
"3464",NA,"Yes"
"3465","No","No"
"3466","No","Yes"
"3467","Yes","Yes"
"3468","No","No"
"3469",NA,"Yes"
"3470","Yes","Yes"
"3471","Yes","Yes"
"3472","Yes","No"
"3473",NA,"No"
"3474","No","Yes"
"3475","No","Yes"
"3476","No","Yes"
"3477","Yes","Yes"
"3478","No","No"
"3479","No","Yes"
"3480","No","Yes"
"3481","No","No"
"3482",NA,"Yes"
"3483","Yes","Yes"
"3484","Yes","Yes"
"3485","No","Yes"
"3486",NA,"Yes"
"3487","No","Yes"
"3488","Yes","Yes"
"3489","Yes","Yes"
"3490","Yes","Yes"
"3491","No","Yes"
"3492",NA,NA
"3493","No","No"
"3494","Yes","Yes"
"3495",NA,"Yes"
"3496","No","No"
"3497","No","No"
"3498","No","No"
"3499","No","No"
"3500","Yes","Yes"
"3501","Yes","Yes"
"3502","Yes","Yes"
"3503","Yes","No"
"3504","Yes","No"
"3505","Yes","Yes"
"3506","No","Yes"
"3507","Yes","No"
"3508","Yes","Yes"
"3509","Yes","Yes"
"3510",NA,"Yes"
"3511","No","No"
"3512","No","No"
"3513","No","Yes"
"3514","No","No"
"3515","Yes","Yes"
"3516","Yes","Yes"
"3517","No","No"
"3518","No","No"
"3519",NA,"Yes"
"3520",NA,NA
"3521","Yes","No"
"3522","No","Yes"
"3523","No","Yes"
"3524",NA,"Yes"
"3525","No","No"
"3526",NA,"No"
"3527","Yes","No"
"3528",NA,"Yes"
"3529","Yes","Yes"
"3530","Yes","No"
"3531","No","No"
"3532","Yes","Yes"
"3533",NA,"Yes"
"3534",NA,"Yes"
"3535","No","Yes"
"3536","Yes","No"
"3537","Yes","Yes"
"3538","Yes","No"
"3539","Yes","Yes"
"3540","Yes","Yes"
"3541","Yes","No"
"3542","Yes","Yes"
"3543","Yes","Yes"
"3544","No","No"
"3545","Yes","Yes"
"3546","Yes","Yes"
"3547","Yes","Yes"
"3548","Yes","No"
"3549","Yes","Yes"
"3550","Yes","Yes"
"3551","Yes","Yes"
"3552","No","Yes"
"3553",NA,"Yes"
"3554","Yes","No"
"3555",NA,"Yes"
"3556","No","No"
"3557","Yes","Yes"
"3558","Yes","Yes"
"3559","No","Yes"
"3560","No","No"
"3561","Yes","Yes"
"3562","No","No"
"3563","No","No"
"3564","No","No"
"3565","No","Yes"
"3566","Yes","Yes"
"3567","Yes","Yes"
"3568","No","Yes"
"3569","Yes","Yes"
"3570","No","Yes"
"3571","Yes","Yes"
"3572","Yes","Yes"
"3573","Yes","Yes"
"3574","No","Yes"
"3575",NA,"Yes"
"3576","Yes","Yes"
"3577",NA,"No"
"3578","Yes","Yes"
"3579","No","No"
"3580","Yes","Yes"
"3581","Yes","No"
"3582","Yes","Yes"
"3583","Yes","Yes"
"3584","Yes","No"
"3585","Yes","No"
"3586","No","Yes"
"3587","Yes","Yes"
"3588","No","Yes"
"3589","Yes","Yes"
"3590","No","No"
"3591",NA,"Yes"
"3592","Yes","Yes"
"3593","Yes","No"
"3594","Yes","Yes"
"3595","Yes","No"
"3596","Yes","Yes"
"3597","No","No"
"3598","Yes","No"
"3599",NA,"Yes"
"3600",NA,"Yes"
"3601","Yes","Yes"
"3602","Yes","No"
"3603","No","Yes"
"3604","No","No"
"3605","Yes","No"
"3606","Yes","Yes"
"3607",NA,"Yes"
"3608",NA,NA
"3609",NA,"Yes"
"3610","Yes","Yes"
"3611","Yes","Yes"
"3612","No","No"
"3613","No","No"
"3614","Yes","Yes"
"3615","Yes","No"
"3616","Yes","No"
"3617",NA,"No"
"3618",NA,"Yes"
"3619","Yes","No"
"3620","Yes","Yes"
"3621","No","No"
"3622","No","Yes"
"3623","Yes","No"
"3624","No","Yes"
"3625","Yes","No"
"3626",NA,"Yes"
"3627","No","No"
"3628","No","Yes"
"3629","Yes","Yes"
"3630",NA,"Yes"
"3631","No","Yes"
"3632","No","No"
"3633","Yes","No"
"3634","Yes","No"
"3635","Yes","Yes"
"3636","Yes","Yes"
"3637","Yes","No"
"3638","No","No"
"3639","Yes","Yes"
"3640","Yes","No"
"3641",NA,NA
"3642",NA,"Yes"
"3643","No","Yes"
"3644","Yes","Yes"
"3645","Yes","No"
"3646","No","Yes"
"3647","Yes","No"
"3648","No","Yes"
"3649","No","No"
"3650","No","Yes"
"3651","Yes","Yes"
"3652","No","No"
"3653","No","Yes"
"3654","Yes","Yes"
"3655","No","No"
"3656","Yes","Yes"
"3657","No","No"
"3658","No","Yes"
"3659","No","Yes"
"3660","Yes","Yes"
"3661","No","Yes"
"3662",NA,NA
"3663","Yes","Yes"
"3664","No","Yes"
"3665","Yes","Yes"
"3666","No","Yes"
"3667",NA,"No"
"3668","Yes","Yes"
"3669",NA,"Yes"
"3670",NA,"Yes"
"3671","No","No"
"3672","Yes","Yes"
"3673",NA,"Yes"
"3674","No","No"
"3675",NA,"Yes"
"3676","No","No"
"3677","No","Yes"
"3678","Yes","No"
"3679","Yes","Yes"
"3680","Yes","Yes"
"3681","Yes","No"
"3682",NA,"No"
"3683",NA,"Yes"
"3684","No","No"
"3685","No","No"
"3686","No","Yes"
"3687","No","No"
"3688","No","No"
"3689","Yes","Yes"
"3690","No","Yes"
"3691","No","Yes"
"3692","Yes","Yes"
"3693","Yes","Yes"
"3694","Yes","Yes"
"3695",NA,"Yes"
"3696",NA,"Yes"
"3697","Yes","Yes"
"3698",NA,"No"
"3699","Yes","Yes"
"3700","Yes","Yes"
"3701","No","No"
"3702","No","No"
"3703","No","Yes"
"3704",NA,"No"
"3705","No","Yes"
"3706","Yes","Yes"
"3707","Yes","Yes"
"3708","No","Yes"
"3709","Yes","Yes"
"3710",NA,"Yes"
"3711","No","Yes"
"3712","Yes","Yes"
"3713","No","Yes"
"3714","Yes","Yes"
"3715","Yes","Yes"
"3716","No","No"
"3717","Yes","Yes"
"3718","Yes","Yes"
"3719","No","Yes"
"3720","No","Yes"
"3721",NA,"Yes"
"3722","Yes","No"
"3723",NA,"No"
"3724",NA,NA
"3725",NA,"No"
"3726",NA,"Yes"
"3727","Yes","Yes"
"3728",NA,"No"
"3729","Yes","No"
"3730","No","No"
"3731","Yes","No"
"3732","No","Yes"
"3733",NA,"Yes"
"3734","Yes","No"
"3735",NA,"No"
"3736","No","No"
"3737","Yes","Yes"
"3738","Yes","Yes"
"3739","Yes","Yes"
"3740","Yes","Yes"
"3741","Yes","Yes"
"3742",NA,"Yes"
"3743","Yes","Yes"
"3744",NA,"No"
"3745","Yes","No"
"3746","Yes","No"
"3747","No","No"
"3748",NA,"No"
"3749","No","No"
"3750","Yes","Yes"
"3751","No","No"
"3752","Yes","No"
"3753","No","No"
"3754",NA,NA
"3755","Yes","Yes"
"3756","No","Yes"
"3757","No","Yes"
"3758","No","Yes"
"3759","Yes","No"
"3760","No","No"
"3761","No","Yes"
"3762","Yes","Yes"
"3763","Yes","No"
"3764","Yes","Yes"
"3765",NA,NA
"3766","Yes","Yes"
"3767","Yes","No"
"3768","No","No"
"3769","Yes","Yes"
"3770","No","Yes"
"3771","Yes","Yes"
"3772","No","Yes"
"3773",NA,NA
"3774","Yes","Yes"
"3775","No","No"
"3776","Yes","Yes"
"3777","Yes","Yes"
"3778","Yes","Yes"
"3779","Yes","Yes"
"3780","Yes","No"
"3781","Yes","No"
"3782",NA,"No"
"3783","Yes","Yes"
"3784","No","No"
"3785",NA,"No"
"3786",NA,NA
"3787","Yes","No"
"3788","No","Yes"
"3789",NA,"Yes"
"3790",NA,"Yes"
"3791","No","No"
"3792","No","Yes"
"3793",NA,"Yes"
"3794",NA,"Yes"
"3795","Yes","Yes"
"3796","No","No"
"3797","Yes","Yes"
"3798","Yes","Yes"
"3799","No","Yes"
"3800","No","Yes"
"3801","Yes","Yes"
"3802","Yes","No"
"3803","No","Yes"
"3804","No","Yes"
"3805","No","No"
"3806","No","No"
"3807","No","No"
"3808",NA,"No"
"3809","No","No"
"3810","No","Yes"
"3811","Yes","No"
"3812","Yes","Yes"
"3813","No","Yes"
"3814","Yes","Yes"
"3815",NA,"Yes"
"3816","No","No"
"3817","Yes","Yes"
"3818",NA,NA
"3819","Yes","Yes"
"3820","Yes","Yes"
"3821","Yes","No"
"3822","No","No"
"3823","Yes","Yes"
"3824","No","No"
"3825","Yes","No"
"3826","No","Yes"
"3827",NA,"Yes"
"3828","No","No"
"3829",NA,"Yes"
"3830",NA,"Yes"
"3831","No","Yes"
"3832",NA,"Yes"
"3833","Yes","Yes"
"3834","Yes","Yes"
"3835","Yes","Yes"
"3836","No","Yes"
"3837",NA,"Yes"
"3838","Yes","Yes"
"3839","Yes","Yes"
"3840","Yes","Yes"
"3841",NA,"Yes"
"3842","No","No"
"3843","Yes","Yes"
"3844","Yes","Yes"
"3845",NA,"No"
"3846",NA,"No"
"3847","Yes","Yes"
"3848","Yes","Yes"
"3849","Yes","Yes"
"3850",NA,"Yes"
"3851","No","No"
"3852","Yes","No"
"3853","Yes","Yes"
"3854","Yes","Yes"
"3855","Yes","Yes"
"3856","No","Yes"
"3857","Yes","Yes"
"3858","Yes","Yes"
"3859","No","No"
"3860",NA,"Yes"
"3861","Yes","Yes"
"3862","Yes","Yes"
"3863","No","Yes"
"3864","Yes","Yes"
"3865","No","Yes"
"3866","No","No"
"3867","No","No"
"3868","No","No"
"3869","No","No"
"3870","Yes","Yes"
"3871","No","Yes"
"3872","No","Yes"
"3873","Yes","Yes"
"3874","No","Yes"
"3875","Yes","Yes"
"3876","No","No"
"3877","No",NA
"3878",NA,"Yes"
"3879","No","Yes"
"3880",NA,"Yes"
"3881","Yes","Yes"
"3882","Yes","Yes"
"3883","No","Yes"
"3884","Yes","Yes"
"3885","No","Yes"
"3886",NA,"Yes"
"3887","Yes","Yes"
"3888","No","No"
"3889","Yes","Yes"
"3890","Yes","No"
"3891","Yes","Yes"
"3892","Yes","Yes"
"3893","No","No"
"3894","No","No"
"3895","No","No"
"3896",NA,"Yes"
"3897","No","Yes"
"3898","No","No"
"3899","No","No"
"3900",NA,NA
"3901","No","Yes"
"3902","No","Yes"
"3903","Yes","Yes"
"3904","No","No"
"3905","No","Yes"
"3906","No","Yes"
"3907","Yes","Yes"
"3908","Yes","Yes"
"3909","No","No"
"3910","Yes","No"
"3911","No","Yes"
"3912","No","No"
"3913",NA,"No"
"3914","Yes","No"
"3915","Yes","Yes"
"3916","Yes","Yes"
"3917",NA,"Yes"
"3918","No","Yes"
"3919","Yes","No"
"3920","Yes","Yes"
"3921",NA,NA
"3922","Yes","Yes"
"3923","Yes","Yes"
"3924",NA,"No"
"3925","Yes","Yes"
"3926","No","Yes"
"3927","No","No"
"3928","Yes","Yes"
"3929","Yes","Yes"
"3930","Yes","Yes"
"3931","No","No"
"3932","Yes","Yes"
"3933","Yes","Yes"
"3934","Yes","Yes"
"3935","Yes","Yes"
"3936","No","No"
"3937","Yes","No"
"3938",NA,"Yes"
"3939","Yes","Yes"
"3940","Yes","Yes"
"3941","Yes","No"
"3942","Yes","No"
"3943",NA,"No"
"3944","Yes","Yes"
"3945","No","Yes"
"3946","No","Yes"
"3947","Yes","Yes"
"3948","No","No"
"3949","No","No"
"3950","Yes","Yes"
"3951","No","Yes"
"3952","No","No"
"3953","Yes","Yes"
"3954","No","No"
"3955","No","Yes"
"3956","No","Yes"
"3957","Yes","Yes"
"3958","Yes","Yes"
"3959","No","No"
"3960","Yes","Yes"
"3961","No","Yes"
"3962",NA,"Yes"
"3963","Yes","Yes"
"3964","Yes","Yes"
"3965",NA,"No"
"3966","Yes","Yes"
"3967","No","No"
"3968","Yes","Yes"
"3969","Yes","No"
"3970","Yes","Yes"
"3971","No","Yes"
"3972","Yes","Yes"
"3973","Yes","No"
"3974","Yes","Yes"
"3975","Yes","Yes"
"3976","Yes","Yes"
"3977","Yes","No"
"3978","Yes","Yes"
"3979","Yes","No"
"3980","No","Yes"
"3981","Yes","Yes"
"3982","No","No"
"3983","Yes","Yes"
"3984","No","Yes"
"3985",NA,NA
"3986",NA,"No"
"3987","Yes","Yes"
"3988",NA,"Yes"
"3989","Yes","Yes"
"3990",NA,"Yes"
"3991","Yes","Yes"
"3992",NA,"No"
"3993","Yes","No"
"3994","Yes","Yes"
"3995",NA,"No"
"3996","No","Yes"
"3997","No","No"
"3998","Yes","Yes"
"3999","No","No"
"4000","No","Yes"
"4001","Yes","Yes"
"4002","No","Yes"
"4003","Yes","Yes"
"4004","Yes","Yes"
"4005","No","Yes"
"4006",NA,"No"
"4007","No","No"
"4008","Yes","Yes"
"4009","No","No"
"4010","Yes","Yes"
"4011","No","No"
"4012",NA,"Yes"
"4013","Yes","Yes"
"4014","Yes","Yes"
"4015","Yes","Yes"
"4016","Yes","Yes"
"4017",NA,"No"
"4018","No","No"
"4019","No","No"
"4020","No","Yes"
"4021",NA,"Yes"
"4022",NA,"Yes"
"4023","Yes","Yes"
"4024",NA,"Yes"
"4025","Yes","Yes"
"4026","Yes","Yes"
"4027","Yes","Yes"
"4028","No","Yes"
"4029",NA,NA
"4030","No","Yes"
"4031","Yes","Yes"
"4032","No","Yes"
"4033","No","No"
"4034","No","Yes"
"4035",NA,"No"
"4036","Yes","Yes"
"4037","Yes","Yes"
"4038","No","No"
"4039","Yes","Yes"
"4040","Yes","Yes"
"4041",NA,"No"
"4042","No","Yes"
"4043","Yes","Yes"
"4044",NA,"Yes"
"4045","No","No"
"4046","No","No"
"4047","Yes","No"
"4048",NA,NA
"4049","No","No"
"4050","Yes","Yes"
"4051","Yes","Yes"
"4052","No","No"
"4053","Yes","Yes"
"4054","No","No"
"4055","Yes","Yes"
"4056",NA,"No"
"4057","No","Yes"
"4058",NA,"Yes"
"4059","Yes","Yes"
"4060","Yes","Yes"
"4061","No","No"
"4062","No","Yes"
"4063","No","Yes"
"4064","No","No"
"4065",NA,"Yes"
"4066","Yes","Yes"
"4067","Yes","Yes"
"4068",NA,"Yes"
"4069","No","Yes"
"4070","No","No"
"4071","Yes","Yes"
"4072","Yes","Yes"
"4073",NA,"Yes"
"4074","Yes","Yes"
"4075","No","No"
"4076","Yes","No"
"4077",NA,NA
"4078",NA,NA
"4079","Yes","Yes"
"4080","Yes","Yes"
"4081","Yes","No"
"4082","No","No"
"4083","No","Yes"
"4084","No","No"
"4085","Yes","Yes"
"4086","Yes","Yes"
"4087","Yes","Yes"
"4088","Yes","Yes"
"4089","Yes","No"
"4090","Yes","Yes"
"4091","Yes","Yes"
"4092","No","No"
"4093","No","Yes"
"4094","No","No"
"4095","Yes","Yes"
"4096","No","No"
"4097","No","Yes"
"4098","No","Yes"
"4099","Yes","Yes"
"4100","Yes","No"
"4101","Yes","Yes"
"4102","Yes","Yes"
"4103","No","No"
"4104",NA,"No"
"4105","Yes","No"
"4106","Yes","Yes"
"4107","No","Yes"
"4108","Yes","Yes"
"4109","Yes","No"
"4110",NA,NA
"4111","No","Yes"
"4112","Yes","Yes"
"4113","Yes","Yes"
"4114","No","Yes"
"4115","No","No"
"4116","Yes","Yes"
"4117","No","No"
"4118","No","Yes"
"4119","No","No"
"4120","Yes","Yes"
"4121","No","Yes"
"4122","Yes","No"
"4123","Yes","No"
"4124",NA,"No"
"4125","No","No"
"4126",NA,NA
"4127",NA,NA
"4128",NA,"No"
"4129","No","Yes"
"4130","No","Yes"
"4131","No","Yes"
"4132","No","Yes"
"4133","Yes","Yes"
"4134",NA,NA
"4135","Yes","Yes"
"4136","No","No"
"4137","No","Yes"
"4138","No","No"
"4139","Yes","Yes"
"4140","Yes","Yes"
"4141","No","No"
"4142",NA,"Yes"
"4143","Yes","Yes"
"4144","Yes","Yes"
"4145",NA,"Yes"
"4146","No","Yes"
"4147","No","Yes"
"4148","No","Yes"
"4149","No","No"
"4150","Yes","Yes"
"4151","Yes","No"
"4152","Yes","Yes"
"4153","Yes","Yes"
"4154","Yes","Yes"
"4155","Yes","Yes"
"4156","Yes","Yes"
"4157","Yes","No"
"4158","No","Yes"
"4159","Yes","No"
"4160","No","Yes"
"4161","No","Yes"
"4162","No","No"
"4163","Yes","Yes"
"4164","Yes","Yes"
"4165","Yes","Yes"
"4166","Yes","Yes"
"4167","No","No"
"4168",NA,"Yes"
"4169","No","Yes"
"4170","No","No"
"4171","No","No"
"4172","Yes","Yes"
"4173","No","No"
"4174","Yes","Yes"
"4175","Yes","No"
"4176","No","No"
"4177","Yes","Yes"
"4178","Yes","Yes"
"4179","Yes","Yes"
"4180","No","No"
"4181","Yes","Yes"
"4182",NA,"Yes"
"4183","No","Yes"
"4184",NA,NA
"4185","No","No"
"4186","No","Yes"
"4187","No","Yes"
"4188","No","Yes"
"4189","No","Yes"
"4190","Yes","Yes"
"4191",NA,"Yes"
"4192","Yes","Yes"
"4193","No","Yes"
"4194","Yes","Yes"
"4195",NA,"No"
"4196","Yes","No"
"4197","No","No"
"4198","Yes","Yes"
"4199","No","Yes"
"4200","No","No"
"4201","No","No"
"4202",NA,"Yes"
"4203","No","Yes"
"4204",NA,NA
"4205",NA,"Yes"
"4206","Yes","No"
"4207","No","Yes"
"4208","No","Yes"
"4209","Yes","Yes"
"4210",NA,NA
"4211","Yes","Yes"
"4212","Yes","No"
"4213",NA,"No"
"4214","Yes","No"
"4215","Yes","No"
"4216","Yes","Yes"
"4217","No","No"
"4218","Yes","Yes"
"4219","No","No"
"4220","No","Yes"
"4221","Yes","Yes"
"4222","No","No"
"4223","No","Yes"
"4224","No","Yes"
"4225","Yes","Yes"
"4226","No","No"
"4227","Yes","Yes"
"4228","No","Yes"
"4229","No","Yes"
"4230",NA,"Yes"
"4231","Yes","Yes"
"4232","No","Yes"
"4233","No","No"
"4234","No","Yes"
"4235","No","No"
"4236","No","No"
"4237","Yes","No"
"4238","No","Yes"
"4239","No","Yes"
"4240","No","No"
"4241","No","No"
"4242","No","No"
"4243","Yes","Yes"
"4244","Yes","Yes"
"4245","Yes",NA
"4246","Yes","Yes"
"4247","No","No"
"4248","Yes","Yes"
"4249","No","No"
"4250","No","No"
"4251","No","No"
"4252","No","No"
"4253","Yes","Yes"
"4254","Yes","Yes"
"4255",NA,"Yes"
"4256",NA,"Yes"
"4257",NA,"No"
"4258","Yes","No"
"4259","Yes","Yes"
"4260","Yes","Yes"
"4261","Yes","Yes"
"4262","Yes","Yes"
"4263","Yes","No"
"4264","No","Yes"
"4265","No","Yes"
"4266","No","Yes"
"4267","Yes","No"
"4268",NA,NA
"4269","No","No"
"4270","No","Yes"
"4271","No","No"
"4272","No","Yes"
"4273","No","Yes"
"4274","Yes","No"
"4275","Yes","Yes"
"4276","No","No"
"4277","No","Yes"
"4278","Yes","No"
"4279","Yes","No"
"4280","Yes","Yes"
"4281","No","No"
"4282","No","Yes"
"4283",NA,NA
"4284",NA,"Yes"
"4285","Yes","Yes"
"4286","No","No"
"4287","No","Yes"
"4288","Yes","Yes"
"4289","Yes","Yes"
"4290","Yes","Yes"
"4291",NA,"Yes"
"4292","No","Yes"
"4293","No","Yes"
"4294","No","Yes"
"4295","Yes","No"
"4296",NA,"No"
"4297","Yes","No"
"4298","No","Yes"
"4299","Yes","Yes"
"4300","Yes","Yes"
"4301","Yes","Yes"
"4302",NA,"No"
"4303","Yes","Yes"
"4304",NA,NA
"4305","No","Yes"
"4306","Yes","Yes"
"4307",NA,"Yes"
"4308","Yes","Yes"
"4309","Yes","No"
"4310",NA,NA
"4311","No","No"
"4312","No","Yes"
"4313","No","Yes"
"4314","No","Yes"
"4315","Yes","Yes"
"4316","Yes","Yes"
"4317","No","No"
"4318","No","No"
"4319","Yes","Yes"
"4320","No","Yes"
"4321","Yes","Yes"
"4322","Yes","Yes"
"4323","Yes","Yes"
"4324","No","No"
"4325","Yes","Yes"
"4326","Yes","Yes"
"4327","Yes","Yes"
"4328","Yes","Yes"
"4329","No","No"
"4330","Yes","Yes"
"4331","Yes","No"
"4332","No","Yes"
"4333",NA,"Yes"
"4334","No","Yes"
"4335","No","Yes"
"4336","Yes","Yes"
"4337",NA,"Yes"
"4338","No","Yes"
"4339","Yes","Yes"
"4340","No","No"
"4341","No","Yes"
"4342","Yes","Yes"
"4343",NA,"Yes"
"4344",NA,"No"
"4345",NA,NA
"4346","Yes","No"
"4347","No","Yes"
"4348","No","Yes"
"4349","Yes","Yes"
"4350",NA,"Yes"
"4351","No","No"
"4352",NA,"No"
"4353","Yes","No"
"4354","Yes","Yes"
"4355","No","Yes"
"4356","No","No"
"4357","Yes","Yes"
"4358","Yes","No"
"4359","No","Yes"
"4360","Yes","Yes"
"4361","Yes","Yes"
"4362","Yes","Yes"
"4363","No","Yes"
"4364",NA,NA
"4365",NA,NA
"4366","No","No"
"4367","No","No"
"4368",NA,"Yes"
"4369","No","No"
"4370","Yes","No"
"4371","No","Yes"
"4372","No","Yes"
"4373","Yes","Yes"
"4374","No","No"
"4375","No","No"
"4376",NA,"Yes"
"4377",NA,"No"
"4378","Yes","No"
"4379","No","Yes"
"4380","No","Yes"
"4381",NA,"Yes"
"4382",NA,"Yes"
"4383","Yes","Yes"
"4384","Yes","Yes"
"4385","No","No"
"4386","Yes","Yes"
"4387","Yes","Yes"
"4388","No","Yes"
"4389","No","Yes"
"4390","Yes","Yes"
"4391","No","Yes"
"4392","Yes","Yes"
"4393",NA,NA
"4394","No","Yes"
"4395","No","Yes"
"4396","No","Yes"
"4397","Yes","Yes"
"4398","No","Yes"
"4399","No","No"
"4400","No","No"
"4401","Yes","Yes"
"4402","No","Yes"
"4403","No","Yes"
"4404","Yes","Yes"
"4405","Yes","Yes"
"4406",NA,"Yes"
"4407","Yes","Yes"
"4408","Yes","No"
"4409","Yes",NA
"4410","No","No"
"4411","No","No"
"4412",NA,"No"
"4413","Yes","Yes"
"4414","No","Yes"
"4415","Yes","Yes"
"4416","Yes","Yes"
"4417","Yes","Yes"
"4418","Yes","Yes"
"4419","No","No"
"4420","No","Yes"
"4421",NA,"Yes"
"4422","No","No"
"4423","No","No"
"4424",NA,"Yes"
"4425","No","Yes"
"4426","Yes","Yes"
"4427","Yes","Yes"
"4428","Yes","No"
"4429","Yes","No"
"4430","No","Yes"
"4431","No","Yes"
"4432","Yes","Yes"
"4433",NA,"No"
"4434",NA,NA
"4435","No","No"
"4436","No","No"
"4437","Yes","Yes"
"4438","Yes","Yes"
"4439","No","Yes"
"4440",NA,"Yes"
"4441","No","Yes"
"4442","No","Yes"
"4443",NA,"No"
"4444",NA,"Yes"
"4445","Yes","Yes"
"4446","Yes","Yes"
"4447","No","Yes"
"4448",NA,"Yes"
"4449","Yes","Yes"
"4450","Yes","No"
"4451","Yes","Yes"
"4452",NA,NA
"4453","Yes","Yes"
"4454","Yes","Yes"
"4455","No","No"
"4456","Yes","Yes"
"4457","Yes","Yes"
"4458","No","No"
"4459","No","No"
"4460",NA,"Yes"
"4461","Yes","No"
"4462","Yes","Yes"
"4463","Yes","Yes"
"4464","Yes","Yes"
"4465","Yes","Yes"
"4466","Yes","Yes"
"4467",NA,"Yes"
"4468","Yes","No"
"4469","Yes","Yes"
"4470",NA,"Yes"
"4471","Yes","No"
"4472","No","No"
"4473",NA,"No"
"4474","Yes","Yes"
"4475","Yes","Yes"
"4476","No","No"
"4477","Yes","Yes"
"4478","Yes","Yes"
"4479","Yes","Yes"
"4480","No","Yes"
"4481","Yes","Yes"
"4482","No","Yes"
"4483","No","No"
"4484",NA,"No"
"4485",NA,"Yes"
"4486","Yes","Yes"
"4487","Yes","Yes"
"4488","No","Yes"
"4489","No","No"
"4490","No","Yes"
"4491","No","Yes"
"4492","Yes","Yes"
"4493","No","No"
"4494","Yes","No"
"4495","No","Yes"
"4496",NA,"Yes"
"4497","Yes","No"
"4498","No","No"
"4499",NA,"No"
"4500","Yes","Yes"
"4501","Yes","Yes"
"4502","Yes","No"
"4503","No","No"
"4504","Yes","Yes"
"4505","No","No"
"4506","Yes","Yes"
"4507","Yes","Yes"
"4508","No","No"
"4509",NA,"Yes"
"4510",NA,"Yes"
"4511","No","No"
"4512","No","Yes"
"4513","No","No"
"4514","No","No"
"4515","Yes","Yes"
"4516",NA,"No"
"4517","No","No"
"4518","No","No"
"4519","No","Yes"
"4520","Yes","No"
"4521","No","Yes"
"4522","Yes","Yes"
"4523",NA,"Yes"
"4524","No","Yes"
"4525","Yes","Yes"
"4526","Yes","Yes"
"4527","Yes","Yes"
"4528","Yes","Yes"
"4529","No","No"
"4530","No","Yes"
"4531","Yes","No"
"4532",NA,"No"
"4533","No","No"
"4534","No","Yes"
"4535",NA,"Yes"
"4536","No","Yes"
"4537","No","No"
"4538","No","Yes"
"4539","Yes","Yes"
"4540",NA,NA
"4541",NA,"Yes"
"4542","No",NA
"4543","Yes","Yes"
"4544","No","No"
"4545","Yes","Yes"
"4546","No","Yes"
"4547","Yes","Yes"
"4548","Yes","Yes"
"4549","Yes","No"
"4550","Yes","Yes"
"4551","No","Yes"
"4552",NA,"No"
"4553",NA,"Yes"
"4554","Yes","No"
"4555",NA,"Yes"
"4556","Yes","Yes"
"4557","Yes","No"
"4558","Yes","Yes"
"4559","Yes","Yes"
"4560","Yes","Yes"
"4561","Yes","Yes"
"4562","No","Yes"
"4563",NA,"Yes"
"4564","Yes","Yes"
"4565","Yes","Yes"
"4566","Yes","No"
"4567","No","No"
"4568","No","Yes"
"4569","No","No"
"4570","No","Yes"
"4571","Yes","Yes"
"4572","No","No"
"4573","Yes","Yes"
"4574","No","Yes"
"4575",NA,"Yes"
"4576","Yes","Yes"
"4577",NA,"No"
"4578","Yes","Yes"
"4579","Yes","Yes"
"4580",NA,"Yes"
"4581","No","Yes"
"4582","Yes","Yes"
"4583",NA,"Yes"
"4584","No","No"
"4585",NA,"Yes"
"4586","Yes","No"
"4587","No","Yes"
"4588","No","Yes"
"4589","Yes","Yes"
"4590","Yes","Yes"
"4591","No","Yes"
"4592","Yes","Yes"
"4593","No","No"
"4594",NA,"No"
"4595","Yes","Yes"
"4596","No","Yes"
"4597","Yes","Yes"
"4598","No","No"
"4599","Yes","Yes"
"4600","No","Yes"
"4601","No","No"
"4602","Yes","Yes"
"4603","Yes","No"
"4604",NA,"No"
"4605","No","No"
"4606","Yes","No"
"4607","No","Yes"
"4608",NA,"No"
"4609","No","Yes"
"4610","No","Yes"
"4611","No","No"
"4612","Yes","Yes"
"4613",NA,"Yes"
"4614","Yes","No"
"4615","No","Yes"
"4616",NA,"Yes"
"4617","No","No"
"4618","Yes","Yes"
"4619","Yes","Yes"
"4620",NA,"Yes"
"4621","No","Yes"
"4622","Yes","Yes"
"4623","Yes","Yes"
"4624","Yes","No"
"4625","No","Yes"
"4626","No","Yes"
"4627","No","Yes"
"4628",NA,"Yes"
"4629","No","No"
"4630","Yes","Yes"
"4631",NA,"Yes"
"4632","Yes","Yes"
"4633","Yes","Yes"
"4634","No","Yes"
"4635","Yes","Yes"
"4636",NA,"Yes"
"4637","Yes","Yes"
"4638","Yes","No"
"4639","Yes","No"
"4640","Yes","Yes"
"4641",NA,"No"
"4642","Yes","Yes"
"4643","Yes","Yes"
"4644","Yes","Yes"
"4645",NA,"Yes"
"4646",NA,"No"
"4647","No","Yes"
"4648",NA,NA
"4649","No","Yes"
"4650","Yes","No"
"4651","Yes","Yes"
"4652",NA,NA
"4653","No","No"
"4654",NA,"Yes"
"4655","No","No"
"4656",NA,"No"
"4657","Yes","Yes"
"4658","No","Yes"
"4659","No","Yes"
"4660","No","Yes"
"4661","Yes","Yes"
"4662","No","Yes"
"4663","No","No"
"4664","Yes","Yes"
"4665","No","No"
"4666",NA,"Yes"
"4667",NA,"No"
"4668",NA,"No"
"4669","Yes","Yes"
"4670","No","No"
"4671","No","Yes"
"4672",NA,"No"
"4673","Yes","No"
"4674","No","Yes"
"4675","No","Yes"
"4676","Yes","Yes"
"4677","Yes","Yes"
"4678","Yes","Yes"
"4679","Yes","No"
"4680","No","No"
"4681","Yes","Yes"
"4682","Yes","No"
"4683","No","No"
"4684","Yes","No"
"4685",NA,NA
"4686","Yes","Yes"
"4687","No","No"
"4688","Yes","Yes"
"4689","Yes","No"
"4690","No","Yes"
"4691","No","No"
"4692","Yes","No"
"4693","No","Yes"
"4694",NA,"No"
"4695","Yes","No"
"4696","Yes","Yes"
"4697",NA,NA
"4698","No","No"
"4699","No","Yes"
"4700","No","Yes"
"4701",NA,"No"
"4702","No","No"
"4703","No","No"
"4704",NA,"No"
"4705","Yes","Yes"
"4706","Yes","Yes"
"4707",NA,"Yes"
"4708","Yes","Yes"
"4709","No","No"
"4710","No","Yes"
"4711","Yes","No"
"4712",NA,"No"
"4713","No","No"
"4714","No","Yes"
"4715","Yes","No"
"4716","Yes","Yes"
"4717","No","Yes"
"4718","Yes","No"
"4719","Yes","Yes"
"4720","Yes","Yes"
"4721","Yes","Yes"
"4722",NA,"Yes"
"4723","No","Yes"
"4724","No","Yes"
"4725","Yes","No"
"4726","No","No"
"4727",NA,"No"
"4728","Yes","Yes"
"4729",NA,NA
"4730","No","No"
"4731",NA,"No"
"4732",NA,"No"
"4733","Yes","Yes"
"4734","Yes","Yes"
"4735",NA,NA
"4736","Yes","Yes"
"4737","No","No"
"4738",NA,NA
"4739","Yes","No"
"4740","No","Yes"
"4741","No","Yes"
"4742","No","Yes"
"4743","Yes","Yes"
"4744","Yes","Yes"
"4745","No","Yes"
"4746",NA,"No"
"4747","No","No"
"4748","Yes","Yes"
"4749","No","No"
"4750","Yes","No"
"4751",NA,NA
"4752","No","Yes"
"4753","No","No"
"4754","No","Yes"
"4755","Yes","Yes"
"4756","Yes","Yes"
"4757","Yes","Yes"
"4758","No","Yes"
"4759",NA,"Yes"
"4760","No","No"
"4761",NA,"Yes"
"4762","Yes","No"
"4763","Yes","Yes"
"4764","Yes","No"
"4765","Yes","Yes"
"4766","Yes","No"
"4767","Yes",NA
"4768","Yes","Yes"
"4769","Yes","Yes"
"4770","Don't know","Yes"
"4771",NA,"Yes"
"4772","Yes","Yes"
"4773","No","Yes"
"4774","No","No"
"4775","Yes","No"
"4776",NA,NA
"4777","No","Yes"
"4778","No","No"
"4779","Yes","Yes"
"4780","Yes","Yes"
"4781","No","No"
"4782","Yes","No"
"4783","No","No"
"4784","Yes","Yes"
"4785","Yes","Yes"
"4786",NA,NA
"4787",NA,NA
"4788",NA,"No"
"4789",NA,"Yes"
"4790","No","Yes"
"4791","No","Yes"
"4792","No","No"
"4793","Yes","Yes"
"4794","Yes","No"
"4795",NA,"Yes"
"4796",NA,NA
"4797","Yes","No"
"4798","Yes","Yes"
"4799",NA,"Yes"
"4800",NA,"Yes"
"4801",NA,"Yes"
"4802","No","No"
"4803","Yes","Yes"
"4804","No","No"
"4805",NA,NA
"4806","No","No"
"4807","No","Yes"
"4808",NA,"No"
"4809","Yes","Yes"
"4810",NA,"Yes"
"4811","Yes","Yes"
"4812","Yes","Yes"
"4813",NA,"Yes"
"4814","Yes","Yes"
"4815",NA,"Yes"
"4816",NA,"Yes"
"4817",NA,NA
"4818","No","Yes"
"4819",NA,"Yes"
"4820","No","Yes"
"4821","No","No"
"4822","No","No"
"4823","No","Yes"
"4824","Yes","Yes"
"4825",NA,"Yes"
"4826","Yes","Yes"
"4827","No","No"
"4828",NA,"Yes"
"4829",NA,"No"
"4830","Yes","No"
"4831","No","Yes"
"4832","Yes","Yes"
"4833","Yes","Yes"
"4834","No","Yes"
"4835",NA,"No"
"4836","Yes","Yes"
"4837","No","Yes"
"4838","No","Yes"
"4839","No","No"
"4840","Yes","Yes"
"4841","Yes","No"
"4842","No","Yes"
"4843","No","No"
"4844","Yes","Yes"
"4845",NA,"Yes"
"4846","Yes","Yes"
"4847","No","Yes"
"4848","Yes","Yes"
"4849","No","Yes"
"4850","Yes","Yes"
"4851","No","No"
"4852","No","No"
"4853",NA,"No"
"4854","Yes","Yes"
"4855","No","Yes"
"4856","No","Yes"
"4857","Yes","No"
"4858",NA,NA
"4859","Yes","Yes"
"4860",NA,"Yes"
"4861","No","Yes"
"4862","Yes","No"
"4863",NA,"Yes"
"4864","Yes","Yes"
"4865","Yes","No"
"4866","Yes","Yes"
"4867","Yes","Yes"
"4868","No","Yes"
"4869",NA,"Yes"
"4870",NA,"No"
"4871","No","No"
"4872","No","No"
"4873","Yes","Yes"
"4874","No","No"
"4875","Yes","Yes"
"4876","Yes","Yes"
"4877","Yes","Yes"
"4878","Yes","No"
"4879",NA,"Yes"
"4880","Yes","Yes"
"4881",NA,"Yes"
"4882","No","No"
"4883","No","Yes"
"4884","No","No"
"4885",NA,"No"
"4886","Yes","Yes"
"4887","Yes","Yes"
"4888","Yes","Yes"
"4889","Yes","No"
"4890","Yes","Yes"
"4891",NA,"Yes"
"4892","No","No"
"4893","Yes","Yes"
"4894","No","No"
"4895","Yes","Yes"
"4896","Yes","Yes"
"4897","Yes","Yes"
"4898","Yes","No"
