"idnum","f_quit_w4","m_quit_w4"
"0001",NA,NA
"0002",NA,NA
"0003",NA,NA
"0004",NA,NA
"0005",NA,NA
"0006",NA,NA
"0007",NA,NA
"0008",NA,NA
"0009",NA,NA
"0010",NA,NA
"0011",NA,NA
"0012",NA,NA
"0013",NA,NA
"0014",NA,NA
"0015",NA,NA
"0016",NA,NA
"0017",NA,NA
"0018",NA,NA
"0019",NA,NA
"0020",NA,NA
"0021",NA,NA
"0022",NA,NA
"0023","no",NA
"0024",NA,NA
"0025",NA,NA
"0026",NA,NA
"0027","no","no"
"0028","no",NA
"0029",NA,NA
"0030",NA,NA
"0031",NA,NA
"0032",NA,NA
"0033",NA,NA
"0034",NA,NA
"0035",NA,NA
"0036",NA,NA
"0037",NA,NA
"0038",NA,NA
"0039",NA,NA
"0040",NA,NA
"0041",NA,NA
"0042",NA,NA
"0043",NA,NA
"0044",NA,NA
"0045",NA,"no"
"0046","no",NA
"0047",NA,"no"
"0048",NA,NA
"0049",NA,NA
"0050",NA,NA
"0051",NA,NA
"0052",NA,NA
"0053",NA,NA
"0054","no",NA
"0055",NA,NA
"0056",NA,NA
"0057",NA,NA
"0058",NA,NA
"0059",NA,NA
"0060",NA,NA
"0061",NA,NA
"0062",NA,NA
"0063",NA,NA
"0064",NA,NA
"0065",NA,NA
"0066",NA,NA
"0067",NA,"no"
"0068",NA,NA
"0069",NA,NA
"0070",NA,NA
"0071",NA,NA
"0072",NA,NA
"0073",NA,NA
"0074",NA,NA
"0075",NA,NA
"0076",NA,NA
"0077",NA,NA
"0078",NA,NA
"0079",NA,"no"
"0080",NA,NA
"0081",NA,NA
"0082",NA,NA
"0083",NA,NA
"0084",NA,NA
"0085",NA,NA
"0086",NA,NA
"0087",NA,NA
"0088","no",NA
"0089",NA,NA
"0090",NA,NA
"0091",NA,NA
"0092",NA,NA
"0093",NA,NA
"0094",NA,NA
"0095",NA,NA
"0096",NA,"no"
"0097",NA,NA
"0098",NA,NA
"0099",NA,NA
"0100",NA,NA
"0101",NA,NA
"0102",NA,NA
"0103",NA,NA
"0104",NA,NA
"0105",NA,NA
"0106",NA,NA
"0107","no",NA
"0108",NA,NA
"0109",NA,NA
"0110",NA,NA
"0111",NA,NA
"0112",NA,NA
"0113",NA,"no"
"0114",NA,NA
"0115","no",NA
"0116",NA,NA
"0117",NA,NA
"0118",NA,NA
"0119",NA,NA
"0120",NA,NA
"0121",NA,NA
"0122",NA,NA
"0123",NA,NA
"0124",NA,NA
"0125","no",NA
"0126",NA,NA
"0127",NA,NA
"0128",NA,NA
"0129",NA,NA
"0130",NA,NA
"0131",NA,"no"
"0132",NA,NA
"0133",NA,NA
"0134",NA,NA
"0135",NA,NA
"0136",NA,NA
"0137",NA,NA
"0138",NA,NA
"0139",NA,NA
"0140",NA,NA
"0141",NA,NA
"0142",NA,NA
"0143",NA,NA
"0144",NA,NA
"0145",NA,NA
"0146",NA,NA
"0147",NA,"no"
"0148",NA,NA
"0149",NA,NA
"0150",NA,NA
"0151",NA,NA
"0152",NA,NA
"0153",NA,NA
"0154",NA,NA
"0155",NA,NA
"0156",NA,NA
"0157",NA,"no"
"0158",NA,NA
"0159",NA,NA
"0160",NA,NA
"0161",NA,NA
"0162",NA,NA
"0163",NA,NA
"0164",NA,NA
"0165",NA,NA
"0166",NA,NA
"0167",NA,NA
"0168",NA,NA
"0169",NA,NA
"0170",NA,NA
"0171",NA,NA
"0172",NA,NA
"0173",NA,"yes"
"0174",NA,NA
"0175",NA,NA
"0176",NA,NA
"0177",NA,NA
"0178",NA,NA
"0179",NA,NA
"0180",NA,NA
"0181",NA,NA
"0182",NA,NA
"0183",NA,NA
"0184",NA,NA
"0185",NA,NA
"0186",NA,NA
"0187",NA,NA
"0188",NA,NA
"0189",NA,NA
"0190",NA,NA
"0191",NA,NA
"0192",NA,NA
"0193",NA,NA
"0194",NA,NA
"0195",NA,NA
"0196",NA,NA
"0197",NA,"no"
"0198",NA,NA
"0199",NA,NA
"0200",NA,NA
"0201",NA,NA
"0202",NA,NA
"0203",NA,"no"
"0204","no","no"
"0205",NA,NA
"0206",NA,NA
"0207",NA,NA
"0208",NA,NA
"0209","no",NA
"0210",NA,NA
"0211",NA,NA
"0212",NA,NA
"0213",NA,NA
"0214",NA,NA
"0215",NA,NA
"0216",NA,NA
"0217",NA,NA
"0218",NA,NA
"0219",NA,NA
"0220",NA,NA
"0221",NA,NA
"0222",NA,NA
"0223",NA,NA
"0224",NA,NA
"0225",NA,"no"
"0226",NA,NA
"0227",NA,NA
"0228",NA,NA
"0229",NA,NA
"0230",NA,NA
"0231",NA,NA
"0232",NA,"no"
"0233",NA,NA
"0234",NA,NA
"0235",NA,NA
"0236",NA,NA
"0237",NA,NA
"0238",NA,NA
"0239",NA,NA
"0240","no",NA
"0241",NA,"yes"
"0242",NA,NA
"0243",NA,NA
"0244",NA,NA
"0245","no",NA
"0246",NA,NA
"0247",NA,NA
"0248",NA,NA
"0249",NA,NA
"0250",NA,NA
"0251",NA,NA
"0252",NA,NA
"0253",NA,NA
"0254",NA,NA
"0255",NA,"no"
"0256",NA,NA
"0257",NA,NA
"0258",NA,NA
"0259",NA,NA
"0260",NA,NA
"0261",NA,NA
"0262",NA,"no"
"0263",NA,NA
"0264","no",NA
"0265","no",NA
"0266",NA,NA
"0267",NA,NA
"0268",NA,NA
"0269",NA,NA
"0270",NA,"no"
"0271",NA,NA
"0272",NA,NA
"0273",NA,NA
"0274",NA,NA
"0275","no",NA
"0276",NA,NA
"0277",NA,NA
"0278",NA,NA
"0279",NA,NA
"0280",NA,NA
"0281",NA,NA
"0282",NA,NA
"0283",NA,NA
"0284",NA,NA
"0285",NA,NA
"0286",NA,NA
"0287",NA,NA
"0288",NA,NA
"0289",NA,NA
"0290",NA,NA
"0291",NA,NA
"0292",NA,NA
"0293","no",NA
"0294",NA,NA
"0295",NA,NA
"0296",NA,NA
"0297",NA,NA
"0298",NA,"yes"
"0299",NA,NA
"0300",NA,NA
"0301",NA,NA
"0302",NA,NA
"0303","no",NA
"0304",NA,"no"
"0305",NA,NA
"0306",NA,NA
"0307",NA,NA
"0308",NA,NA
"0309",NA,NA
"0310",NA,NA
"0311",NA,NA
"0312",NA,NA
"0313",NA,NA
"0314",NA,NA
"0315",NA,"yes"
"0316",NA,NA
"0317",NA,NA
"0318",NA,NA
"0319",NA,NA
"0320",NA,NA
"0321",NA,NA
"0322",NA,NA
"0323",NA,"no"
"0324",NA,NA
"0325",NA,NA
"0326",NA,NA
"0327",NA,NA
"0328",NA,NA
"0329",NA,NA
"0330",NA,NA
"0331",NA,NA
"0332",NA,NA
"0333",NA,NA
"0334",NA,NA
"0335",NA,NA
"0336",NA,NA
"0337",NA,NA
"0338",NA,NA
"0339",NA,NA
"0340",NA,"yes"
"0341",NA,NA
"0342",NA,"no"
"0343",NA,NA
"0344",NA,NA
"0345",NA,NA
"0346",NA,NA
"0347",NA,NA
"0348",NA,NA
"0349",NA,NA
"0350",NA,NA
"0351",NA,NA
"0352",NA,NA
"0353","no",NA
"0354",NA,NA
"0355",NA,NA
"0356",NA,NA
"0357",NA,NA
"0358",NA,NA
"0359",NA,"no"
"0360",NA,"no"
"0361",NA,NA
"0362",NA,NA
"0363",NA,NA
"0364",NA,NA
"0365",NA,NA
"0366",NA,NA
"0367",NA,NA
"0368",NA,NA
"0369",NA,NA
"0370",NA,NA
"0371",NA,NA
"0372",NA,NA
"0373",NA,NA
"0374",NA,NA
"0375",NA,NA
"0376",NA,NA
"0377",NA,NA
"0378",NA,NA
"0379",NA,NA
"0380",NA,NA
"0381",NA,NA
"0382",NA,NA
"0383",NA,NA
"0384",NA,NA
"0385",NA,NA
"0386","no",NA
"0387",NA,NA
"0388",NA,NA
"0389",NA,NA
"0390",NA,NA
"0391",NA,NA
"0392",NA,NA
"0393",NA,NA
"0394",NA,"no"
"0395",NA,NA
"0396",NA,NA
"0397",NA,NA
"0398",NA,NA
"0399",NA,NA
"0400",NA,NA
"0401",NA,NA
"0402","no","no"
"0403",NA,NA
"0404","no",NA
"0405",NA,"no"
"0406",NA,NA
"0407",NA,NA
"0408",NA,NA
"0409",NA,NA
"0410",NA,NA
"0411",NA,NA
"0412",NA,NA
"0413",NA,NA
"0414",NA,NA
"0415",NA,NA
"0416",NA,NA
"0417",NA,NA
"0418",NA,NA
"0419",NA,NA
"0420",NA,"no"
"0421",NA,NA
"0422",NA,NA
"0423",NA,NA
"0424",NA,NA
"0425",NA,NA
"0426",NA,NA
"0427",NA,NA
"0428",NA,NA
"0429",NA,NA
"0430",NA,NA
"0431",NA,NA
"0432",NA,NA
"0433",NA,NA
"0434",NA,NA
"0435",NA,NA
"0436","no",NA
"0437",NA,NA
"0438",NA,NA
"0439",NA,NA
"0440",NA,NA
"0441",NA,NA
"0442",NA,NA
"0443","no",NA
"0444",NA,NA
"0445",NA,NA
"0446",NA,NA
"0447",NA,NA
"0448","no",NA
"0449",NA,NA
"0450",NA,NA
"0451",NA,NA
"0452",NA,NA
"0453",NA,NA
"0454",NA,NA
"0455",NA,NA
"0456",NA,NA
"0457",NA,NA
"0458",NA,NA
"0459",NA,NA
"0460",NA,"no"
"0461",NA,NA
"0462",NA,NA
"0463",NA,NA
"0464",NA,NA
"0465",NA,NA
"0466",NA,NA
"0467",NA,NA
"0468",NA,NA
"0469",NA,NA
"0470",NA,NA
"0471",NA,NA
"0472",NA,NA
"0473",NA,NA
"0474",NA,NA
"0475",NA,NA
"0476",NA,NA
"0477","yes",NA
"0478",NA,NA
"0479","no","no"
"0480",NA,NA
"0481",NA,NA
"0482",NA,NA
"0483",NA,"no"
"0484",NA,NA
"0485",NA,NA
"0486",NA,"no"
"0487",NA,NA
"0488",NA,NA
"0489",NA,NA
"0490",NA,NA
"0491",NA,NA
"0492",NA,NA
"0493",NA,NA
"0494",NA,NA
"0495",NA,NA
"0496",NA,NA
"0497",NA,NA
"0498",NA,"no"
"0499",NA,NA
"0500",NA,NA
"0501",NA,NA
"0502",NA,NA
"0503",NA,NA
"0504",NA,NA
"0505",NA,NA
"0506",NA,NA
"0507",NA,NA
"0508",NA,NA
"0509",NA,NA
"0510",NA,NA
"0511",NA,NA
"0512","no","no"
"0513",NA,NA
"0514",NA,NA
"0515",NA,NA
"0516",NA,NA
"0517",NA,NA
"0518",NA,NA
"0519","no",NA
"0520",NA,NA
"0521",NA,NA
"0522",NA,NA
"0523",NA,NA
"0524",NA,NA
"0525",NA,NA
"0526",NA,NA
"0527",NA,NA
"0528",NA,NA
"0529",NA,NA
"0530",NA,NA
"0531",NA,NA
"0532",NA,NA
"0533",NA,NA
"0534",NA,NA
"0535",NA,NA
"0536",NA,NA
"0537",NA,NA
"0538",NA,NA
"0539",NA,NA
"0540",NA,NA
"0541",NA,NA
"0542",NA,NA
"0543",NA,NA
"0544",NA,NA
"0545",NA,NA
"0546",NA,NA
"0547",NA,NA
"0548","no",NA
"0549",NA,NA
"0550",NA,NA
"0551",NA,NA
"0552",NA,NA
"0553",NA,NA
"0554",NA,NA
"0555",NA,NA
"0556",NA,NA
"0557",NA,NA
"0558",NA,NA
"0559",NA,NA
"0560",NA,NA
"0561","no",NA
"0562",NA,NA
"0563",NA,NA
"0564",NA,NA
"0565",NA,NA
"0566",NA,NA
"0567",NA,NA
"0568",NA,NA
"0569",NA,NA
"0570",NA,NA
"0571",NA,NA
"0572","no",NA
"0573",NA,NA
"0574",NA,NA
"0575",NA,NA
"0576",NA,NA
"0577",NA,NA
"0578",NA,NA
"0579",NA,NA
"0580",NA,NA
"0581",NA,NA
"0582","no",NA
"0583",NA,NA
"0584",NA,NA
"0585",NA,NA
"0586",NA,NA
"0587",NA,NA
"0588",NA,NA
"0589",NA,NA
"0590",NA,NA
"0591",NA,NA
"0592",NA,NA
"0593",NA,NA
"0594",NA,NA
"0595",NA,NA
"0596",NA,NA
"0597",NA,NA
"0598",NA,NA
"0599",NA,NA
"0600",NA,"no"
"0601",NA,NA
"0602",NA,"no"
"0603",NA,NA
"0604",NA,NA
"0605",NA,NA
"0606",NA,NA
"0607",NA,NA
"0608",NA,NA
"0609",NA,NA
"0610",NA,NA
"0611",NA,NA
"0612",NA,NA
"0613","no",NA
"0614","no","no"
"0615",NA,NA
"0616",NA,NA
"0617",NA,NA
"0618",NA,NA
"0619",NA,NA
"0620",NA,"no"
"0621",NA,NA
"0622",NA,NA
"0623",NA,NA
"0624",NA,NA
"0625",NA,"no"
"0626",NA,NA
"0627",NA,NA
"0628",NA,"no"
"0629",NA,NA
"0630",NA,"no"
"0631",NA,NA
"0632",NA,NA
"0633",NA,NA
"0634",NA,NA
"0635",NA,NA
"0636",NA,"no"
"0637",NA,NA
"0638",NA,NA
"0639",NA,NA
"0640",NA,NA
"0641",NA,NA
"0642","no",NA
"0643",NA,"no"
"0644",NA,NA
"0645",NA,NA
"0646",NA,"no"
"0647",NA,NA
"0648",NA,NA
"0649","yes",NA
"0650","no",NA
"0651","no",NA
"0652",NA,NA
"0653","no",NA
"0654",NA,NA
"0655",NA,NA
"0656",NA,NA
"0657",NA,"no"
"0658",NA,NA
"0659",NA,NA
"0660",NA,NA
"0661",NA,NA
"0662",NA,NA
"0663",NA,NA
"0664","no",NA
"0665",NA,NA
"0666",NA,NA
"0667",NA,NA
"0668",NA,NA
"0669",NA,NA
"0670",NA,NA
"0671",NA,NA
"0672",NA,NA
"0673",NA,NA
"0674",NA,NA
"0675",NA,NA
"0676",NA,NA
"0677",NA,NA
"0678",NA,NA
"0679",NA,NA
"0680",NA,NA
"0681",NA,NA
"0682",NA,NA
"0683",NA,NA
"0684",NA,NA
"0685",NA,NA
"0686",NA,NA
"0687",NA,NA
"0688",NA,NA
"0689",NA,"no"
"0690",NA,NA
"0691",NA,NA
"0692",NA,NA
"0693",NA,"yes"
"0694",NA,NA
"0695",NA,NA
"0696",NA,NA
"0697",NA,NA
"0698",NA,NA
"0699",NA,NA
"0700",NA,NA
"0701",NA,NA
"0702",NA,NA
"0703",NA,NA
"0704",NA,NA
"0705",NA,NA
"0706",NA,NA
"0707",NA,NA
"0708",NA,NA
"0709",NA,NA
"0710",NA,NA
"0711",NA,NA
"0712",NA,NA
"0713",NA,NA
"0714",NA,NA
"0715",NA,NA
"0716",NA,NA
"0717",NA,NA
"0718",NA,NA
"0719",NA,NA
"0720",NA,NA
"0721",NA,NA
"0722",NA,NA
"0723",NA,NA
"0724",NA,NA
"0725","no","no"
"0726",NA,NA
"0727",NA,NA
"0728",NA,NA
"0729",NA,NA
"0730",NA,NA
"0731",NA,NA
"0732",NA,NA
"0733",NA,NA
"0734",NA,NA
"0735",NA,NA
"0736",NA,NA
"0737",NA,NA
"0738",NA,NA
"0739",NA,NA
"0740",NA,NA
"0741",NA,NA
"0742",NA,NA
"0743",NA,NA
"0744",NA,NA
"0745",NA,NA
"0746",NA,NA
"0747",NA,NA
"0748",NA,NA
"0749",NA,NA
"0750",NA,NA
"0751",NA,NA
"0752",NA,NA
"0753",NA,NA
"0754",NA,NA
"0755",NA,NA
"0756",NA,NA
"0757",NA,NA
"0758",NA,NA
"0759",NA,NA
"0760",NA,NA
"0761",NA,NA
"0762",NA,NA
"0763","no",NA
"0764",NA,NA
"0765",NA,NA
"0766",NA,NA
"0767",NA,NA
"0768",NA,NA
"0769",NA,NA
"0770",NA,NA
"0771",NA,NA
"0772",NA,NA
"0773",NA,NA
"0774",NA,NA
"0775",NA,NA
"0776",NA,NA
"0777","no",NA
"0778",NA,NA
"0779",NA,NA
"0780",NA,NA
"0781",NA,"no"
"0782",NA,NA
"0783",NA,NA
"0784",NA,NA
"0785",NA,NA
"0786",NA,"no"
"0787",NA,NA
"0788",NA,NA
"0789",NA,"no"
"0790",NA,NA
"0791",NA,NA
"0792",NA,NA
"0793",NA,NA
"0794",NA,NA
"0795",NA,NA
"0796",NA,NA
"0797",NA,NA
"0798",NA,NA
"0799",NA,NA
"0800","no","no"
"0801",NA,NA
"0802",NA,NA
"0803",NA,NA
"0804",NA,NA
"0805",NA,NA
"0806",NA,NA
"0807",NA,NA
"0808",NA,NA
"0809",NA,NA
"0810",NA,NA
"0811",NA,NA
"0812",NA,NA
"0813",NA,NA
"0814",NA,NA
"0815",NA,NA
"0816",NA,NA
"0817",NA,NA
"0818","no",NA
"0819",NA,NA
"0820",NA,NA
"0821",NA,NA
"0822",NA,"no"
"0823",NA,NA
"0824",NA,NA
"0825",NA,NA
"0826",NA,NA
"0827",NA,NA
"0828",NA,NA
"0829",NA,NA
"0830",NA,NA
"0831",NA,NA
"0832",NA,NA
"0833",NA,NA
"0834",NA,NA
"0835",NA,NA
"0836",NA,NA
"0837",NA,"no"
"0838",NA,"no"
"0839",NA,NA
"0840",NA,NA
"0841",NA,NA
"0842",NA,NA
"0843","no",NA
"0844",NA,NA
"0845",NA,NA
"0846",NA,NA
"0847",NA,NA
"0848",NA,NA
"0849",NA,NA
"0850",NA,"no"
"0851",NA,NA
"0852",NA,NA
"0853",NA,NA
"0854",NA,NA
"0855",NA,NA
"0856",NA,NA
"0857",NA,NA
"0858",NA,NA
"0859",NA,NA
"0860",NA,NA
"0861",NA,NA
"0862",NA,NA
"0863",NA,NA
"0864",NA,NA
"0865",NA,NA
"0866",NA,"no"
"0867",NA,NA
"0868",NA,NA
"0869",NA,NA
"0870",NA,NA
"0871",NA,NA
"0872",NA,NA
"0873",NA,NA
"0874",NA,NA
"0875",NA,"no"
"0876",NA,NA
"0877",NA,NA
"0878",NA,"no"
"0879",NA,NA
"0880",NA,"no"
"0881",NA,NA
"0882",NA,NA
"0883",NA,NA
"0884",NA,NA
"0885",NA,NA
"0886",NA,NA
"0887",NA,NA
"0888",NA,NA
"0889",NA,NA
"0890",NA,NA
"0891",NA,NA
"0892",NA,NA
"0893",NA,NA
"0894",NA,NA
"0895",NA,NA
"0896",NA,NA
"0897",NA,"no"
"0898",NA,NA
"0899",NA,NA
"0900",NA,NA
"0901",NA,NA
"0902",NA,NA
"0903",NA,NA
"0904",NA,NA
"0905",NA,NA
"0906",NA,NA
"0907",NA,NA
"0908",NA,NA
"0909",NA,NA
"0910",NA,NA
"0911",NA,NA
"0912","no",NA
"0913",NA,NA
"0914",NA,NA
"0915",NA,"no"
"0916",NA,NA
"0917",NA,NA
"0918",NA,NA
"0919",NA,NA
"0920",NA,NA
"0921",NA,NA
"0922",NA,NA
"0923",NA,NA
"0924",NA,"no"
"0925",NA,"no"
"0926",NA,NA
"0927",NA,NA
"0928",NA,NA
"0929",NA,NA
"0930",NA,NA
"0931",NA,NA
"0932",NA,NA
"0933",NA,NA
"0934",NA,NA
"0935",NA,NA
"0936",NA,NA
"0937",NA,NA
"0938",NA,"no"
"0939",NA,NA
"0940",NA,NA
"0941",NA,NA
"0942",NA,NA
"0943",NA,NA
"0944",NA,NA
"0945",NA,NA
"0946","no","no"
"0947",NA,NA
"0948",NA,NA
"0949",NA,NA
"0950",NA,NA
"0951","no","no"
"0952",NA,"no"
"0953",NA,NA
"0954",NA,NA
"0955",NA,NA
"0956",NA,NA
"0957",NA,NA
"0958",NA,NA
"0959","no","no"
"0960","no",NA
"0961",NA,NA
"0962",NA,NA
"0963",NA,NA
"0964",NA,NA
"0965",NA,NA
"0966",NA,NA
"0967",NA,NA
"0968",NA,NA
"0969",NA,NA
"0970",NA,NA
"0971",NA,NA
"0972",NA,NA
"0973",NA,NA
"0974",NA,NA
"0975",NA,NA
"0976",NA,NA
"0977",NA,NA
"0978",NA,NA
"0979",NA,NA
"0980",NA,NA
"0981",NA,NA
"0982",NA,NA
"0983",NA,NA
"0984",NA,"no"
"0985",NA,NA
"0986",NA,NA
"0987",NA,NA
"0988",NA,NA
"0989",NA,NA
"0990",NA,NA
"0991",NA,NA
"0992",NA,"no"
"0993",NA,NA
"0994",NA,"no"
"0995",NA,NA
"0996",NA,NA
"0997",NA,NA
"0998",NA,NA
"0999",NA,NA
"1000",NA,NA
"1001",NA,NA
"1002",NA,NA
"1003",NA,NA
"1004",NA,NA
"1005","no",NA
"1006",NA,NA
"1007",NA,NA
"1008",NA,NA
"1009",NA,NA
"1010",NA,"no"
"1011",NA,NA
"1012",NA,NA
"1013",NA,NA
"1014",NA,NA
"1015",NA,NA
"1016",NA,NA
"1017",NA,NA
"1018",NA,NA
"1019",NA,NA
"1020",NA,NA
"1021",NA,NA
"1022",NA,NA
"1023",NA,NA
"1024",NA,"no"
"1025",NA,NA
"1026",NA,NA
"1027",NA,NA
"1028",NA,NA
"1029",NA,NA
"1030",NA,NA
"1031",NA,NA
"1032",NA,NA
"1033",NA,NA
"1034",NA,NA
"1035",NA,NA
"1036",NA,NA
"1037",NA,NA
"1038",NA,"no"
"1039",NA,NA
"1040",NA,NA
"1041",NA,NA
"1042",NA,NA
"1043",NA,NA
"1044",NA,NA
"1045",NA,NA
"1046",NA,NA
"1047",NA,NA
"1048",NA,NA
"1049",NA,NA
"1050","no","no"
"1051",NA,NA
"1052",NA,"no"
"1053",NA,NA
"1054","no",NA
"1055",NA,NA
"1056",NA,NA
"1057",NA,NA
"1058",NA,NA
"1059",NA,NA
"1060",NA,NA
"1061",NA,NA
"1062",NA,NA
"1063",NA,NA
"1064",NA,NA
"1065",NA,NA
"1066",NA,NA
"1067",NA,"no"
"1068",NA,NA
"1069",NA,NA
"1070",NA,NA
"1071",NA,NA
"1072",NA,NA
"1073",NA,NA
"1074",NA,NA
"1075",NA,NA
"1076",NA,NA
"1077",NA,NA
"1078",NA,NA
"1079",NA,NA
"1080",NA,NA
"1081",NA,"no"
"1082",NA,NA
"1083",NA,NA
"1084",NA,NA
"1085",NA,NA
"1086",NA,NA
"1087",NA,NA
"1088",NA,NA
"1089",NA,NA
"1090",NA,NA
"1091",NA,NA
"1092",NA,NA
"1093",NA,NA
"1094",NA,NA
"1095",NA,NA
"1096",NA,NA
"1097",NA,NA
"1098",NA,NA
"1099","no","no"
"1100",NA,NA
"1101",NA,NA
"1102",NA,NA
"1103",NA,NA
"1104",NA,NA
"1105",NA,NA
"1106",NA,NA
"1107",NA,NA
"1108",NA,NA
"1109",NA,NA
"1110",NA,NA
"1111",NA,NA
"1112",NA,NA
"1113",NA,NA
"1114",NA,NA
"1115",NA,NA
"1116",NA,NA
"1117",NA,NA
"1118",NA,NA
"1119",NA,NA
"1120",NA,NA
"1121",NA,NA
"1122",NA,NA
"1123",NA,NA
"1124",NA,NA
"1125",NA,NA
"1126",NA,NA
"1127",NA,NA
"1128",NA,NA
"1129",NA,"no"
"1130",NA,NA
"1131",NA,NA
"1132",NA,NA
"1133",NA,"yes"
"1134",NA,NA
"1135",NA,NA
"1136",NA,NA
"1137",NA,NA
"1138",NA,NA
"1139",NA,NA
"1140",NA,NA
"1141",NA,NA
"1142",NA,NA
"1143",NA,NA
"1144",NA,NA
"1145",NA,NA
"1146",NA,NA
"1147",NA,NA
"1148",NA,NA
"1149","no",NA
"1150",NA,NA
"1151",NA,NA
"1152",NA,NA
"1153",NA,NA
"1154",NA,NA
"1155",NA,NA
"1156",NA,NA
"1157",NA,NA
"1158",NA,NA
"1159",NA,NA
"1160",NA,NA
"1161",NA,NA
"1162","no","no"
"1163",NA,NA
"1164",NA,NA
"1165",NA,NA
"1166",NA,NA
"1167",NA,NA
"1168",NA,NA
"1169",NA,NA
"1170",NA,NA
"1171",NA,NA
"1172",NA,NA
"1173",NA,NA
"1174",NA,NA
"1175",NA,NA
"1176",NA,NA
"1177",NA,NA
"1178",NA,NA
"1179",NA,NA
"1180",NA,NA
"1181",NA,NA
"1182",NA,"no"
"1183",NA,NA
"1184","yes",NA
"1185",NA,NA
"1186",NA,NA
"1187",NA,NA
"1188",NA,NA
"1189",NA,NA
"1190","no",NA
"1191",NA,NA
"1192","no",NA
"1193",NA,NA
"1194",NA,NA
"1195",NA,NA
"1196",NA,NA
"1197",NA,NA
"1198",NA,"no"
"1199",NA,NA
"1200",NA,NA
"1201",NA,"no"
"1202",NA,NA
"1203",NA,NA
"1204",NA,"no"
"1205",NA,NA
"1206",NA,NA
"1207",NA,NA
"1208",NA,NA
"1209",NA,NA
"1210",NA,NA
"1211","no",NA
"1212","no",NA
"1213",NA,NA
"1214",NA,NA
"1215",NA,NA
"1216",NA,NA
"1217",NA,"no"
"1218",NA,"no"
"1219",NA,NA
"1220",NA,NA
"1221",NA,NA
"1222",NA,NA
"1223",NA,NA
"1224",NA,NA
"1225",NA,NA
"1226",NA,NA
"1227",NA,NA
"1228",NA,NA
"1229",NA,NA
"1230",NA,NA
"1231",NA,NA
"1232",NA,NA
"1233",NA,NA
"1234",NA,NA
"1235",NA,NA
"1236",NA,NA
"1237",NA,NA
"1238",NA,NA
"1239",NA,NA
"1240",NA,NA
"1241","no",NA
"1242",NA,NA
"1243",NA,"no"
"1244",NA,NA
"1245",NA,NA
"1246",NA,NA
"1247",NA,NA
"1248",NA,"no"
"1249",NA,NA
"1250",NA,NA
"1251",NA,NA
"1252",NA,NA
"1253",NA,NA
"1254",NA,"no"
"1255",NA,NA
"1256",NA,NA
"1257",NA,NA
"1258",NA,NA
"1259",NA,NA
"1260",NA,NA
"1261",NA,NA
"1262",NA,NA
"1263",NA,NA
"1264",NA,NA
"1265",NA,NA
"1266",NA,"no"
"1267",NA,NA
"1268",NA,NA
"1269",NA,NA
"1270",NA,NA
"1271",NA,NA
"1272",NA,NA
"1273",NA,NA
"1274",NA,NA
"1275",NA,NA
"1276",NA,NA
"1277",NA,NA
"1278",NA,NA
"1279",NA,NA
"1280",NA,NA
"1281",NA,NA
"1282",NA,NA
"1283",NA,NA
"1284",NA,NA
"1285",NA,NA
"1286",NA,NA
"1287",NA,NA
"1288",NA,NA
"1289",NA,NA
"1290",NA,NA
"1291",NA,NA
"1292",NA,NA
"1293",NA,NA
"1294",NA,NA
"1295",NA,NA
"1296",NA,NA
"1297",NA,NA
"1298",NA,"yes"
"1299",NA,NA
"1300",NA,NA
"1301",NA,NA
"1302",NA,NA
"1303",NA,NA
"1304",NA,NA
"1305",NA,NA
"1306",NA,NA
"1307",NA,NA
"1308",NA,NA
"1309",NA,"no"
"1310",NA,NA
"1311",NA,NA
"1312",NA,NA
"1313","no",NA
"1314","no",NA
"1315",NA,NA
"1316",NA,NA
"1317",NA,"no"
"1318",NA,NA
"1319",NA,NA
"1320",NA,NA
"1321",NA,NA
"1322",NA,NA
"1323",NA,NA
"1324",NA,NA
"1325",NA,NA
"1326",NA,NA
"1327",NA,NA
"1328",NA,NA
"1329",NA,NA
"1330",NA,NA
"1331",NA,NA
"1332",NA,NA
"1333",NA,NA
"1334",NA,NA
"1335",NA,NA
"1336","no","no"
"1337",NA,NA
"1338",NA,NA
"1339",NA,NA
"1340",NA,NA
"1341",NA,NA
"1342",NA,NA
"1343",NA,"no"
"1344",NA,NA
"1345",NA,NA
"1346","no",NA
"1347",NA,NA
"1348",NA,NA
"1349",NA,NA
"1350",NA,NA
"1351",NA,NA
"1352",NA,NA
"1353",NA,NA
"1354",NA,NA
"1355",NA,NA
"1356",NA,"no"
"1357",NA,NA
"1358",NA,NA
"1359",NA,NA
"1360",NA,NA
"1361",NA,NA
"1362",NA,NA
"1363",NA,NA
"1364",NA,NA
"1365","no","no"
"1366",NA,NA
"1367",NA,NA
"1368",NA,NA
"1369",NA,NA
"1370",NA,NA
"1371",NA,"no"
"1372",NA,NA
"1373",NA,NA
"1374",NA,NA
"1375",NA,NA
"1376",NA,NA
"1377",NA,NA
"1378",NA,NA
"1379",NA,NA
"1380",NA,NA
"1381",NA,NA
"1382",NA,NA
"1383",NA,NA
"1384",NA,NA
"1385",NA,NA
"1386",NA,NA
"1387",NA,NA
"1388",NA,NA
"1389",NA,NA
"1390",NA,NA
"1391","no",NA
"1392",NA,NA
"1393",NA,NA
"1394",NA,NA
"1395",NA,NA
"1396",NA,NA
"1397",NA,NA
"1398","no",NA
"1399",NA,NA
"1400",NA,NA
"1401",NA,NA
"1402",NA,NA
"1403",NA,NA
"1404",NA,NA
"1405",NA,NA
"1406",NA,NA
"1407",NA,NA
"1408","no",NA
"1409",NA,NA
"1410",NA,NA
"1411",NA,NA
"1412",NA,NA
"1413",NA,NA
"1414",NA,NA
"1415",NA,NA
"1416",NA,NA
"1417",NA,NA
"1418",NA,"no"
"1419",NA,NA
"1420",NA,NA
"1421",NA,NA
"1422",NA,NA
"1423","no",NA
"1424",NA,NA
"1425",NA,NA
"1426",NA,"no"
"1427",NA,NA
"1428",NA,NA
"1429",NA,NA
"1430",NA,NA
"1431",NA,NA
"1432",NA,"no"
"1433",NA,NA
"1434",NA,NA
"1435","no",NA
"1436",NA,"no"
"1437",NA,NA
"1438",NA,NA
"1439",NA,NA
"1440",NA,NA
"1441",NA,NA
"1442",NA,NA
"1443",NA,NA
"1444",NA,NA
"1445",NA,NA
"1446",NA,NA
"1447",NA,NA
"1448",NA,NA
"1449","no","no"
"1450",NA,NA
"1451",NA,NA
"1452",NA,NA
"1453",NA,NA
"1454",NA,NA
"1455",NA,NA
"1456",NA,NA
"1457","no","no"
"1458",NA,NA
"1459",NA,NA
"1460",NA,NA
"1461",NA,"no"
"1462",NA,NA
"1463",NA,NA
"1464",NA,NA
"1465",NA,NA
"1466",NA,NA
"1467",NA,NA
"1468",NA,NA
"1469",NA,NA
"1470",NA,NA
"1471",NA,NA
"1472",NA,NA
"1473",NA,NA
"1474",NA,NA
"1475",NA,NA
"1476",NA,NA
"1477",NA,NA
"1478",NA,NA
"1479",NA,NA
"1480",NA,NA
"1481",NA,NA
"1482",NA,NA
"1483",NA,NA
"1484",NA,NA
"1485",NA,NA
"1486","no",NA
"1487",NA,NA
"1488",NA,NA
"1489",NA,NA
"1490",NA,NA
"1491",NA,NA
"1492",NA,NA
"1493",NA,NA
"1494",NA,NA
"1495",NA,"no"
"1496",NA,NA
"1497",NA,NA
"1498",NA,NA
"1499",NA,NA
"1500",NA,NA
"1501",NA,NA
"1502",NA,NA
"1503",NA,NA
"1504",NA,NA
"1505",NA,NA
"1506",NA,NA
"1507",NA,NA
"1508",NA,"no"
"1509",NA,NA
"1510",NA,NA
"1511",NA,NA
"1512",NA,NA
"1513",NA,NA
"1514",NA,NA
"1515",NA,NA
"1516",NA,NA
"1517",NA,NA
"1518",NA,NA
"1519",NA,NA
"1520",NA,NA
"1521",NA,NA
"1522",NA,NA
"1523",NA,NA
"1524",NA,NA
"1525",NA,NA
"1526",NA,NA
"1527",NA,NA
"1528",NA,NA
"1529",NA,NA
"1530",NA,NA
"1531",NA,NA
"1532",NA,NA
"1533",NA,NA
"1534","no",NA
"1535","no","no"
"1536",NA,NA
"1537",NA,NA
"1538",NA,NA
"1539",NA,NA
"1540",NA,NA
"1541",NA,"no"
"1542",NA,NA
"1543","no","no"
"1544",NA,NA
"1545",NA,NA
"1546",NA,NA
"1547",NA,NA
"1548",NA,NA
"1549",NA,NA
"1550",NA,NA
"1551",NA,NA
"1552",NA,NA
"1553",NA,NA
"1554",NA,NA
"1555","no",NA
"1556",NA,NA
"1557",NA,NA
"1558",NA,NA
"1559",NA,NA
"1560",NA,NA
"1561",NA,NA
"1562",NA,NA
"1563",NA,NA
"1564",NA,NA
"1565","no","no"
"1566",NA,NA
"1567",NA,NA
"1568",NA,NA
"1569",NA,NA
"1570",NA,NA
"1571",NA,NA
"1572",NA,NA
"1573",NA,NA
"1574",NA,NA
"1575",NA,NA
"1576",NA,NA
"1577",NA,NA
"1578",NA,NA
"1579",NA,NA
"1580",NA,NA
"1581",NA,NA
"1582",NA,NA
"1583",NA,NA
"1584",NA,NA
"1585",NA,NA
"1586",NA,NA
"1587",NA,NA
"1588",NA,NA
"1589",NA,NA
"1590",NA,NA
"1591",NA,NA
"1592",NA,NA
"1593","no",NA
"1594",NA,"no"
"1595",NA,NA
"1596",NA,"no"
"1597",NA,NA
"1598",NA,NA
"1599",NA,NA
"1600",NA,"no"
"1601",NA,NA
"1602",NA,NA
"1603",NA,NA
"1604",NA,NA
"1605",NA,NA
"1606",NA,NA
"1607",NA,NA
"1608",NA,NA
"1609",NA,NA
"1610",NA,NA
"1611",NA,NA
"1612",NA,"no"
"1613",NA,NA
"1614",NA,NA
"1615",NA,"no"
"1616",NA,NA
"1617",NA,NA
"1618",NA,NA
"1619",NA,NA
"1620",NA,NA
"1621",NA,NA
"1622",NA,NA
"1623",NA,"no"
"1624","no",NA
"1625",NA,NA
"1626",NA,NA
"1627",NA,NA
"1628",NA,NA
"1629",NA,NA
"1630",NA,NA
"1631","no",NA
"1632",NA,"no"
"1633",NA,NA
"1634",NA,NA
"1635",NA,NA
"1636",NA,NA
"1637",NA,NA
"1638",NA,NA
"1639",NA,NA
"1640",NA,NA
"1641",NA,NA
"1642",NA,NA
"1643",NA,NA
"1644",NA,NA
"1645",NA,NA
"1646",NA,NA
"1647",NA,NA
"1648",NA,NA
"1649",NA,NA
"1650",NA,NA
"1651",NA,NA
"1652",NA,NA
"1653",NA,NA
"1654",NA,NA
"1655",NA,NA
"1656",NA,NA
"1657",NA,"no"
"1658",NA,NA
"1659",NA,NA
"1660",NA,NA
"1661",NA,NA
"1662",NA,NA
"1663",NA,NA
"1664",NA,NA
"1665",NA,NA
"1666",NA,NA
"1667",NA,NA
"1668",NA,NA
"1669",NA,NA
"1670",NA,NA
"1671",NA,NA
"1672",NA,NA
"1673",NA,NA
"1674",NA,NA
"1675",NA,NA
"1676",NA,NA
"1677",NA,NA
"1678",NA,NA
"1679",NA,NA
"1680",NA,NA
"1681",NA,NA
"1682",NA,NA
"1683",NA,NA
"1684",NA,NA
"1685",NA,NA
"1686","no",NA
"1687","no","no"
"1688",NA,NA
"1689",NA,NA
"1690",NA,NA
"1691",NA,NA
"1692",NA,NA
"1693",NA,NA
"1694",NA,NA
"1695",NA,NA
"1696",NA,NA
"1697","no",NA
"1698",NA,NA
"1699",NA,NA
"1700",NA,NA
"1701",NA,NA
"1702",NA,NA
"1703",NA,NA
"1704",NA,NA
"1705",NA,NA
"1706",NA,NA
"1707",NA,NA
"1708",NA,NA
"1709",NA,NA
"1710",NA,NA
"1711",NA,NA
"1712",NA,NA
"1713",NA,NA
"1714",NA,NA
"1715",NA,NA
"1716",NA,NA
"1717","no",NA
"1718",NA,"no"
"1719",NA,NA
"1720",NA,NA
"1721",NA,NA
"1722",NA,NA
"1723",NA,NA
"1724",NA,NA
"1725",NA,NA
"1726",NA,NA
"1727",NA,NA
"1728",NA,NA
"1729",NA,"no"
"1730",NA,NA
"1731",NA,NA
"1732",NA,NA
"1733",NA,NA
"1734",NA,NA
"1735",NA,NA
"1736",NA,NA
"1737",NA,NA
"1738",NA,NA
"1739",NA,NA
"1740",NA,NA
"1741",NA,NA
"1742",NA,NA
"1743",NA,NA
"1744",NA,NA
"1745",NA,NA
"1746",NA,NA
"1747",NA,NA
"1748",NA,NA
"1749",NA,NA
"1750",NA,NA
"1751",NA,NA
"1752",NA,"no"
"1753",NA,NA
"1754",NA,NA
"1755",NA,NA
"1756",NA,NA
"1757",NA,NA
"1758",NA,NA
"1759",NA,NA
"1760",NA,NA
"1761",NA,NA
"1762",NA,NA
"1763",NA,NA
"1764",NA,NA
"1765",NA,NA
"1766",NA,NA
"1767",NA,NA
"1768",NA,NA
"1769",NA,NA
"1770",NA,NA
"1771",NA,NA
"1772",NA,NA
"1773",NA,NA
"1774",NA,NA
"1775",NA,NA
"1776",NA,NA
"1777",NA,NA
"1778",NA,NA
"1779",NA,NA
"1780","no",NA
"1781","no",NA
"1782",NA,NA
"1783",NA,NA
"1784",NA,NA
"1785",NA,NA
"1786",NA,NA
"1787",NA,NA
"1788",NA,NA
"1789",NA,NA
"1790",NA,NA
"1791",NA,"no"
"1792",NA,NA
"1793",NA,"no"
"1794",NA,NA
"1795",NA,NA
"1796","no","no"
"1797",NA,NA
"1798",NA,NA
"1799",NA,NA
"1800",NA,NA
"1801",NA,NA
"1802",NA,NA
"1803",NA,NA
"1804",NA,NA
"1805",NA,NA
"1806",NA,NA
"1807",NA,NA
"1808",NA,NA
"1809",NA,NA
"1810",NA,NA
"1811",NA,NA
"1812",NA,NA
"1813",NA,NA
"1814",NA,NA
"1815",NA,NA
"1816",NA,NA
"1817",NA,NA
"1818",NA,NA
"1819",NA,NA
"1820",NA,NA
"1821",NA,"no"
"1822","no",NA
"1823",NA,NA
"1824",NA,NA
"1825",NA,NA
"1826",NA,NA
"1827",NA,NA
"1828",NA,NA
"1829",NA,NA
"1830",NA,NA
"1831",NA,"no"
"1832",NA,NA
"1833",NA,NA
"1834",NA,NA
"1835",NA,NA
"1836","yes",NA
"1837",NA,NA
"1838",NA,NA
"1839",NA,NA
"1840",NA,NA
"1841",NA,NA
"1842",NA,NA
"1843",NA,NA
"1844","no",NA
"1845",NA,NA
"1846",NA,NA
"1847",NA,NA
"1848",NA,NA
"1849",NA,NA
"1850",NA,NA
"1851",NA,NA
"1852",NA,"no"
"1853",NA,NA
"1854",NA,NA
"1855",NA,NA
"1856",NA,NA
"1857",NA,NA
"1858","no","no"
"1859",NA,NA
"1860",NA,"no"
"1861",NA,NA
"1862",NA,NA
"1863",NA,NA
"1864",NA,NA
"1865",NA,NA
"1866",NA,NA
"1867",NA,NA
"1868",NA,NA
"1869",NA,NA
"1870",NA,NA
"1871",NA,NA
"1872",NA,NA
"1873",NA,"yes"
"1874",NA,NA
"1875",NA,NA
"1876",NA,NA
"1877",NA,NA
"1878",NA,NA
"1879",NA,"no"
"1880",NA,NA
"1881",NA,NA
"1882","no",NA
"1883",NA,NA
"1884",NA,NA
"1885",NA,NA
"1886","no",NA
"1887",NA,NA
"1888",NA,NA
"1889",NA,NA
"1890",NA,NA
"1891",NA,NA
"1892",NA,NA
"1893",NA,NA
"1894",NA,NA
"1895",NA,NA
"1896","no",NA
"1897",NA,NA
"1898",NA,NA
"1899",NA,NA
"1900",NA,"no"
"1901",NA,NA
"1902",NA,NA
"1903",NA,NA
"1904",NA,NA
"1905",NA,NA
"1906",NA,NA
"1907","no","no"
"1908",NA,NA
"1909",NA,NA
"1910",NA,NA
"1911",NA,"no"
"1912",NA,NA
"1913",NA,NA
"1914",NA,NA
"1915",NA,NA
"1916",NA,NA
"1917",NA,NA
"1918",NA,NA
"1919",NA,NA
"1920",NA,NA
"1921",NA,NA
"1922",NA,NA
"1923",NA,NA
"1924",NA,NA
"1925",NA,NA
"1926","no","no"
"1927",NA,NA
"1928",NA,NA
"1929",NA,NA
"1930",NA,NA
"1931",NA,NA
"1932",NA,NA
"1933",NA,NA
"1934",NA,NA
"1935",NA,NA
"1936",NA,NA
"1937",NA,NA
"1938","no",NA
"1939",NA,NA
"1940",NA,NA
"1941",NA,NA
"1942",NA,NA
"1943",NA,NA
"1944",NA,"no"
"1945",NA,NA
"1946",NA,NA
"1947",NA,NA
"1948",NA,NA
"1949",NA,NA
"1950",NA,NA
"1951",NA,NA
"1952",NA,NA
"1953",NA,"no"
"1954",NA,NA
"1955",NA,NA
"1956",NA,NA
"1957",NA,NA
"1958",NA,NA
"1959",NA,NA
"1960",NA,NA
"1961",NA,NA
"1962",NA,NA
"1963",NA,NA
"1964",NA,NA
"1965",NA,NA
"1966",NA,NA
"1967",NA,NA
"1968",NA,NA
"1969","no",NA
"1970",NA,NA
"1971",NA,NA
"1972",NA,NA
"1973",NA,NA
"1974",NA,NA
"1975",NA,"no"
"1976",NA,NA
"1977",NA,NA
"1978",NA,NA
"1979",NA,NA
"1980",NA,NA
"1981",NA,NA
"1982",NA,NA
"1983",NA,NA
"1984",NA,NA
"1985",NA,NA
"1986","no",NA
"1987",NA,NA
"1988",NA,NA
"1989",NA,NA
"1990",NA,NA
"1991",NA,NA
"1992",NA,NA
"1993",NA,NA
"1994",NA,NA
"1995",NA,NA
"1996",NA,"no"
"1997",NA,NA
"1998",NA,NA
"1999",NA,NA
"2000",NA,NA
"2001",NA,NA
"2002",NA,NA
"2003",NA,NA
"2004",NA,NA
"2005",NA,NA
"2006",NA,NA
"2007",NA,NA
"2008",NA,NA
"2009",NA,NA
"2010",NA,NA
"2011",NA,NA
"2012",NA,NA
"2013",NA,NA
"2014",NA,NA
"2015",NA,NA
"2016",NA,NA
"2017",NA,NA
"2018",NA,NA
"2019",NA,NA
"2020",NA,NA
"2021",NA,NA
"2022",NA,NA
"2023",NA,NA
"2024",NA,NA
"2025",NA,NA
"2026",NA,NA
"2027",NA,NA
"2028",NA,NA
"2029",NA,NA
"2030",NA,NA
"2031",NA,NA
"2032",NA,NA
"2033",NA,NA
"2034",NA,NA
"2035",NA,NA
"2036",NA,NA
"2037",NA,"no"
"2038",NA,NA
"2039",NA,NA
"2040",NA,NA
"2041",NA,"no"
"2042",NA,NA
"2043","no",NA
"2044",NA,NA
"2045",NA,NA
"2046",NA,NA
"2047",NA,NA
"2048",NA,NA
"2049",NA,NA
"2050",NA,NA
"2051",NA,NA
"2052",NA,NA
"2053",NA,NA
"2054",NA,NA
"2055",NA,NA
"2056",NA,NA
"2057",NA,"no"
"2058",NA,NA
"2059",NA,NA
"2060",NA,NA
"2061",NA,NA
"2062",NA,NA
"2063",NA,NA
"2064",NA,NA
"2065",NA,NA
"2066",NA,NA
"2067",NA,NA
"2068",NA,NA
"2069",NA,NA
"2070",NA,NA
"2071",NA,NA
"2072",NA,NA
"2073",NA,NA
"2074",NA,NA
"2075",NA,NA
"2076",NA,NA
"2077",NA,NA
"2078",NA,NA
"2079",NA,NA
"2080",NA,NA
"2081",NA,NA
"2082",NA,NA
"2083",NA,NA
"2084",NA,"no"
"2085",NA,NA
"2086","no","no"
"2087",NA,NA
"2088",NA,NA
"2089",NA,NA
"2090",NA,NA
"2091",NA,NA
"2092",NA,NA
"2093",NA,NA
"2094",NA,NA
"2095",NA,NA
"2096",NA,NA
"2097",NA,NA
"2098",NA,NA
"2099",NA,NA
"2100",NA,NA
"2101",NA,NA
"2102",NA,NA
"2103",NA,NA
"2104","no","no"
"2105",NA,NA
"2106",NA,NA
"2107","yes","no"
"2108","no",NA
"2109",NA,NA
"2110",NA,NA
"2111",NA,NA
"2112",NA,NA
"2113","no",NA
"2114",NA,"no"
"2115",NA,NA
"2116",NA,NA
"2117",NA,NA
"2118",NA,NA
"2119",NA,NA
"2120",NA,NA
"2121",NA,NA
"2122",NA,NA
"2123",NA,NA
"2124",NA,NA
"2125",NA,NA
"2126",NA,NA
"2127",NA,NA
"2128",NA,NA
"2129",NA,NA
"2130",NA,NA
"2131",NA,NA
"2132",NA,NA
"2133",NA,NA
"2134",NA,NA
"2135",NA,NA
"2136",NA,NA
"2137",NA,NA
"2138",NA,NA
"2139",NA,NA
"2140",NA,NA
"2141","no","no"
"2142","no","no"
"2143",NA,"no"
"2144",NA,NA
"2145",NA,NA
"2146",NA,NA
"2147",NA,NA
"2148",NA,NA
"2149",NA,NA
"2150",NA,NA
"2151",NA,NA
"2152",NA,NA
"2153",NA,NA
"2154",NA,"no"
"2155",NA,"no"
"2156",NA,NA
"2157",NA,NA
"2158",NA,NA
"2159",NA,NA
"2160",NA,NA
"2161",NA,"no"
"2162","no",NA
"2163",NA,NA
"2164",NA,NA
"2165",NA,NA
"2166",NA,NA
"2167","no","no"
"2168",NA,NA
"2169","no",NA
"2170",NA,NA
"2171",NA,"no"
"2172",NA,NA
"2173",NA,NA
"2174",NA,NA
"2175",NA,NA
"2176",NA,NA
"2177",NA,NA
"2178",NA,NA
"2179",NA,NA
"2180",NA,NA
"2181",NA,NA
"2182",NA,NA
"2183",NA,NA
"2184",NA,NA
"2185",NA,NA
"2186",NA,NA
"2187",NA,NA
"2188",NA,NA
"2189",NA,NA
"2190",NA,NA
"2191",NA,NA
"2192",NA,NA
"2193",NA,NA
"2194",NA,NA
"2195",NA,NA
"2196",NA,NA
"2197",NA,NA
"2198",NA,NA
"2199",NA,NA
"2200",NA,NA
"2201",NA,NA
"2202",NA,NA
"2203",NA,NA
"2204",NA,NA
"2205","no",NA
"2206",NA,NA
"2207",NA,NA
"2208",NA,NA
"2209",NA,NA
"2210",NA,NA
"2211",NA,NA
"2212",NA,NA
"2213",NA,NA
"2214",NA,NA
"2215",NA,NA
"2216",NA,NA
"2217",NA,NA
"2218",NA,NA
"2219",NA,NA
"2220",NA,NA
"2221",NA,NA
"2222",NA,NA
"2223",NA,NA
"2224",NA,NA
"2225",NA,NA
"2226",NA,NA
"2227",NA,NA
"2228",NA,NA
"2229",NA,NA
"2230",NA,NA
"2231",NA,NA
"2232",NA,NA
"2233","no","no"
"2234",NA,NA
"2235",NA,NA
"2236",NA,NA
"2237",NA,NA
"2238",NA,NA
"2239",NA,NA
"2240",NA,NA
"2241",NA,NA
"2242",NA,NA
"2243",NA,NA
"2244",NA,NA
"2245","no","no"
"2246",NA,NA
"2247",NA,NA
"2248",NA,NA
"2249",NA,NA
"2250",NA,NA
"2251",NA,NA
"2252",NA,NA
"2253",NA,NA
"2254",NA,NA
"2255",NA,NA
"2256",NA,NA
"2257",NA,NA
"2258",NA,NA
"2259",NA,NA
"2260",NA,NA
"2261",NA,NA
"2262",NA,NA
"2263",NA,NA
"2264",NA,NA
"2265",NA,NA
"2266",NA,NA
"2267",NA,NA
"2268",NA,NA
"2269",NA,NA
"2270",NA,NA
"2271",NA,NA
"2272",NA,NA
"2273",NA,NA
"2274","no",NA
"2275",NA,NA
"2276",NA,NA
"2277",NA,NA
"2278",NA,NA
"2279",NA,NA
"2280",NA,NA
"2281",NA,NA
"2282",NA,NA
"2283",NA,"no"
"2284",NA,NA
"2285",NA,NA
"2286",NA,NA
"2287","no","no"
"2288",NA,NA
"2289",NA,NA
"2290",NA,NA
"2291",NA,NA
"2292",NA,NA
"2293",NA,NA
"2294",NA,NA
"2295",NA,NA
"2296",NA,NA
"2297",NA,NA
"2298",NA,"yes"
"2299",NA,NA
"2300",NA,NA
"2301","no",NA
"2302","no","no"
"2303",NA,NA
"2304",NA,NA
"2305",NA,NA
"2306",NA,NA
"2307",NA,NA
"2308",NA,"no"
"2309",NA,NA
"2310",NA,NA
"2311",NA,NA
"2312",NA,NA
"2313",NA,NA
"2314",NA,NA
"2315",NA,NA
"2316",NA,NA
"2317",NA,"no"
"2318",NA,NA
"2319",NA,NA
"2320",NA,NA
"2321",NA,NA
"2322",NA,NA
"2323","no",NA
"2324",NA,NA
"2325",NA,NA
"2326",NA,NA
"2327",NA,NA
"2328",NA,NA
"2329",NA,NA
"2330",NA,NA
"2331",NA,NA
"2332",NA,NA
"2333",NA,NA
"2334",NA,NA
"2335",NA,NA
"2336",NA,NA
"2337",NA,NA
"2338","no",NA
"2339",NA,NA
"2340",NA,NA
"2341",NA,NA
"2342",NA,NA
"2343",NA,NA
"2344",NA,NA
"2345",NA,NA
"2346",NA,NA
"2347",NA,NA
"2348",NA,NA
"2349",NA,NA
"2350",NA,NA
"2351",NA,NA
"2352",NA,NA
"2353",NA,NA
"2354",NA,NA
"2355",NA,NA
"2356",NA,NA
"2357",NA,NA
"2358",NA,NA
"2359",NA,NA
"2360",NA,NA
"2361",NA,NA
"2362","no",NA
"2363",NA,NA
"2364","no",NA
"2365",NA,NA
"2366",NA,NA
"2367",NA,NA
"2368",NA,NA
"2369",NA,"yes"
"2370",NA,NA
"2371",NA,NA
"2372",NA,NA
"2373",NA,NA
"2374",NA,NA
"2375",NA,NA
"2376",NA,NA
"2377",NA,NA
"2378",NA,"no"
"2379",NA,NA
"2380",NA,NA
"2381",NA,"no"
"2382",NA,NA
"2383",NA,NA
"2384",NA,NA
"2385",NA,NA
"2386",NA,NA
"2387",NA,NA
"2388",NA,NA
"2389",NA,NA
"2390",NA,NA
"2391",NA,NA
"2392",NA,NA
"2393",NA,NA
"2394",NA,NA
"2395",NA,NA
"2396",NA,NA
"2397",NA,NA
"2398",NA,NA
"2399",NA,NA
"2400",NA,NA
"2401",NA,"no"
"2402",NA,NA
"2403",NA,"no"
"2404",NA,NA
"2405",NA,NA
"2406",NA,NA
"2407",NA,NA
"2408",NA,NA
"2409",NA,NA
"2410",NA,"no"
"2411",NA,"no"
"2412",NA,NA
"2413",NA,NA
"2414",NA,NA
"2415",NA,NA
"2416",NA,NA
"2417",NA,NA
"2418",NA,NA
"2419",NA,NA
"2420",NA,NA
"2421",NA,"no"
"2422",NA,NA
"2423",NA,NA
"2424",NA,NA
"2425",NA,NA
"2426",NA,NA
"2427",NA,NA
"2428",NA,NA
"2429",NA,NA
"2430",NA,NA
"2431",NA,NA
"2432",NA,NA
"2433",NA,NA
"2434",NA,"no"
"2435",NA,NA
"2436",NA,NA
"2437",NA,NA
"2438",NA,NA
"2439",NA,"no"
"2440",NA,NA
"2441",NA,NA
"2442",NA,NA
"2443",NA,NA
"2444",NA,NA
"2445",NA,NA
"2446",NA,NA
"2447",NA,NA
"2448",NA,NA
"2449",NA,"no"
"2450",NA,NA
"2451",NA,NA
"2452",NA,NA
"2453",NA,NA
"2454","no",NA
"2455",NA,NA
"2456",NA,NA
"2457",NA,NA
"2458",NA,NA
"2459",NA,NA
"2460",NA,NA
"2461",NA,NA
"2462",NA,NA
"2463",NA,NA
"2464",NA,NA
"2465",NA,NA
"2466",NA,NA
"2467",NA,NA
"2468",NA,NA
"2469",NA,NA
"2470",NA,NA
"2471",NA,NA
"2472",NA,"no"
"2473",NA,NA
"2474",NA,"no"
"2475",NA,NA
"2476",NA,NA
"2477",NA,NA
"2478",NA,NA
"2479",NA,NA
"2480",NA,NA
"2481",NA,NA
"2482",NA,NA
"2483",NA,NA
"2484",NA,"no"
"2485",NA,NA
"2486",NA,NA
"2487",NA,"no"
"2488",NA,"no"
"2489",NA,"no"
"2490","no","no"
"2491",NA,NA
"2492",NA,NA
"2493",NA,NA
"2494","no",NA
"2495",NA,NA
"2496",NA,"no"
"2497",NA,NA
"2498",NA,NA
"2499",NA,NA
"2500",NA,NA
"2501",NA,NA
"2502",NA,NA
"2503",NA,NA
"2504",NA,NA
"2505",NA,NA
"2506",NA,NA
"2507",NA,NA
"2508",NA,NA
"2509",NA,NA
"2510",NA,NA
"2511",NA,NA
"2512",NA,NA
"2513",NA,"yes"
"2514",NA,NA
"2515",NA,NA
"2516",NA,NA
"2517",NA,NA
"2518",NA,NA
"2519",NA,NA
"2520",NA,NA
"2521",NA,NA
"2522",NA,NA
"2523",NA,NA
"2524",NA,NA
"2525",NA,"no"
"2526",NA,NA
"2527",NA,NA
"2528",NA,NA
"2529",NA,NA
"2530",NA,NA
"2531",NA,NA
"2532","no",NA
"2533",NA,NA
"2534",NA,NA
"2535",NA,"no"
"2536",NA,NA
"2537",NA,NA
"2538","yes",NA
"2539",NA,NA
"2540",NA,NA
"2541",NA,NA
"2542",NA,NA
"2543",NA,NA
"2544",NA,NA
"2545",NA,NA
"2546",NA,NA
"2547",NA,NA
"2548",NA,NA
"2549",NA,NA
"2550",NA,NA
"2551",NA,NA
"2552",NA,NA
"2553",NA,NA
"2554",NA,NA
"2555",NA,NA
"2556",NA,NA
"2557",NA,NA
"2558",NA,NA
"2559",NA,NA
"2560",NA,NA
"2561","no",NA
"2562",NA,NA
"2563",NA,"no"
"2564",NA,NA
"2565",NA,NA
"2566",NA,NA
"2567",NA,NA
"2568",NA,NA
"2569",NA,NA
"2570",NA,NA
"2571",NA,NA
"2572",NA,NA
"2573",NA,NA
"2574",NA,NA
"2575",NA,NA
"2576",NA,NA
"2577",NA,NA
"2578",NA,NA
"2579",NA,NA
"2580",NA,NA
"2581",NA,NA
"2582",NA,NA
"2583",NA,NA
"2584",NA,NA
"2585",NA,NA
"2586",NA,NA
"2587","no","no"
"2588",NA,NA
"2589",NA,NA
"2590",NA,NA
"2591",NA,NA
"2592",NA,NA
"2593",NA,NA
"2594",NA,NA
"2595",NA,"no"
"2596",NA,NA
"2597",NA,NA
"2598",NA,NA
"2599",NA,NA
"2600",NA,NA
"2601",NA,NA
"2602",NA,NA
"2603",NA,NA
"2604",NA,NA
"2605",NA,NA
"2606",NA,NA
"2607",NA,NA
"2608",NA,NA
"2609",NA,NA
"2610",NA,NA
"2611","no",NA
"2612",NA,NA
"2613",NA,NA
"2614","no","no"
"2615",NA,NA
"2616",NA,NA
"2617",NA,NA
"2618",NA,NA
"2619",NA,NA
"2620",NA,NA
"2621",NA,NA
"2622",NA,NA
"2623",NA,NA
"2624",NA,NA
"2625",NA,NA
"2626",NA,NA
"2627",NA,NA
"2628",NA,NA
"2629",NA,NA
"2630",NA,NA
"2631",NA,NA
"2632",NA,NA
"2633",NA,NA
"2634",NA,NA
"2635",NA,NA
"2636",NA,NA
"2637",NA,NA
"2638",NA,NA
"2639",NA,"no"
"2640",NA,NA
"2641",NA,NA
"2642",NA,NA
"2643",NA,NA
"2644",NA,NA
"2645",NA,NA
"2646",NA,NA
"2647",NA,NA
"2648",NA,NA
"2649",NA,NA
"2650",NA,NA
"2651",NA,NA
"2652",NA,NA
"2653",NA,NA
"2654",NA,NA
"2655",NA,NA
"2656",NA,NA
"2657",NA,NA
"2658",NA,NA
"2659",NA,NA
"2660",NA,NA
"2661",NA,NA
"2662",NA,NA
"2663",NA,NA
"2664",NA,NA
"2665",NA,"no"
"2666",NA,NA
"2667",NA,NA
"2668",NA,NA
"2669",NA,NA
"2670",NA,NA
"2671",NA,NA
"2672",NA,NA
"2673",NA,"no"
"2674",NA,NA
"2675",NA,NA
"2676",NA,NA
"2677",NA,NA
"2678",NA,NA
"2679",NA,NA
"2680",NA,NA
"2681",NA,NA
"2682",NA,NA
"2683",NA,NA
"2684",NA,NA
"2685",NA,NA
"2686",NA,NA
"2687",NA,NA
"2688",NA,NA
"2689",NA,NA
"2690",NA,NA
"2691",NA,NA
"2692",NA,NA
"2693",NA,NA
"2694","no",NA
"2695",NA,NA
"2696",NA,NA
"2697",NA,NA
"2698",NA,NA
"2699",NA,NA
"2700",NA,NA
"2701",NA,NA
"2702",NA,NA
"2703",NA,NA
"2704",NA,NA
"2705",NA,NA
"2706",NA,NA
"2707",NA,NA
"2708",NA,"no"
"2709",NA,NA
"2710",NA,NA
"2711",NA,NA
"2712",NA,NA
"2713",NA,NA
"2714",NA,NA
"2715",NA,NA
"2716",NA,NA
"2717",NA,NA
"2718",NA,NA
"2719",NA,NA
"2720",NA,NA
"2721",NA,NA
"2722",NA,NA
"2723",NA,NA
"2724",NA,NA
"2725",NA,NA
"2726",NA,NA
"2727",NA,NA
"2728",NA,"no"
"2729",NA,NA
"2730",NA,NA
"2731",NA,NA
"2732",NA,NA
"2733",NA,NA
"2734",NA,"no"
"2735",NA,NA
"2736",NA,NA
"2737",NA,NA
"2738",NA,NA
"2739",NA,NA
"2740",NA,NA
"2741",NA,NA
"2742",NA,NA
"2743",NA,NA
"2744",NA,NA
"2745",NA,NA
"2746",NA,NA
"2747",NA,NA
"2748",NA,NA
"2749",NA,NA
"2750",NA,NA
"2751",NA,NA
"2752",NA,NA
"2753",NA,NA
"2754",NA,"yes"
"2755",NA,NA
"2756",NA,NA
"2757",NA,NA
"2758",NA,NA
"2759",NA,NA
"2760",NA,NA
"2761",NA,NA
"2762",NA,NA
"2763",NA,NA
"2764",NA,NA
"2765",NA,NA
"2766",NA,NA
"2767",NA,NA
"2768",NA,NA
"2769",NA,NA
"2770",NA,NA
"2771",NA,NA
"2772",NA,NA
"2773",NA,NA
"2774",NA,NA
"2775",NA,NA
"2776",NA,NA
"2777",NA,NA
"2778",NA,NA
"2779",NA,NA
"2780",NA,NA
"2781",NA,NA
"2782",NA,NA
"2783",NA,NA
"2784","no",NA
"2785",NA,NA
"2786",NA,NA
"2787",NA,NA
"2788",NA,NA
"2789",NA,NA
"2790",NA,NA
"2791",NA,NA
"2792",NA,NA
"2793","no","no"
"2794",NA,NA
"2795",NA,NA
"2796",NA,NA
"2797",NA,NA
"2798",NA,NA
"2799",NA,NA
"2800",NA,NA
"2801",NA,NA
"2802",NA,NA
"2803",NA,NA
"2804",NA,NA
"2805",NA,NA
"2806",NA,NA
"2807",NA,NA
"2808",NA,NA
"2809",NA,NA
"2810",NA,NA
"2811",NA,NA
"2812",NA,NA
"2813",NA,NA
"2814",NA,NA
"2815",NA,NA
"2816",NA,NA
"2817",NA,NA
"2818","no",NA
"2819",NA,NA
"2820",NA,NA
"2821",NA,NA
"2822",NA,NA
"2823",NA,NA
"2824",NA,NA
"2825",NA,NA
"2826",NA,NA
"2827",NA,NA
"2828",NA,NA
"2829",NA,NA
"2830",NA,NA
"2831",NA,NA
"2832","no",NA
"2833",NA,NA
"2834",NA,NA
"2835",NA,NA
"2836",NA,NA
"2837",NA,NA
"2838",NA,NA
"2839",NA,NA
"2840",NA,NA
"2841",NA,NA
"2842",NA,NA
"2843",NA,NA
"2844",NA,NA
"2845",NA,NA
"2846",NA,NA
"2847",NA,NA
"2848",NA,NA
"2849",NA,NA
"2850",NA,NA
"2851",NA,NA
"2852",NA,NA
"2853","no",NA
"2854",NA,NA
"2855",NA,NA
"2856","yes",NA
"2857",NA,NA
"2858",NA,NA
"2859",NA,NA
"2860",NA,NA
"2861",NA,NA
"2862",NA,NA
"2863",NA,NA
"2864",NA,NA
"2865",NA,NA
"2866",NA,"no"
"2867",NA,NA
"2868",NA,"no"
"2869",NA,NA
"2870",NA,NA
"2871",NA,NA
"2872",NA,NA
"2873",NA,NA
"2874",NA,NA
"2875",NA,NA
"2876",NA,NA
"2877",NA,NA
"2878",NA,NA
"2879",NA,NA
"2880",NA,NA
"2881",NA,NA
"2882",NA,NA
"2883",NA,NA
"2884","no","no"
"2885",NA,NA
"2886",NA,NA
"2887",NA,"no"
"2888",NA,NA
"2889",NA,NA
"2890",NA,NA
"2891",NA,NA
"2892",NA,NA
"2893",NA,NA
"2894",NA,NA
"2895",NA,NA
"2896",NA,NA
"2897",NA,NA
"2898",NA,NA
"2899",NA,NA
"2900",NA,NA
"2901",NA,NA
"2902",NA,NA
"2903",NA,NA
"2904","no","no"
"2905",NA,NA
"2906",NA,NA
"2907",NA,NA
"2908",NA,NA
"2909",NA,NA
"2910",NA,NA
"2911",NA,NA
"2912",NA,NA
"2913",NA,NA
"2914",NA,NA
"2915",NA,NA
"2916",NA,NA
"2917",NA,NA
"2918",NA,NA
"2919",NA,NA
"2920",NA,NA
"2921",NA,NA
"2922",NA,NA
"2923",NA,NA
"2924",NA,NA
"2925",NA,NA
"2926",NA,NA
"2927",NA,NA
"2928",NA,"no"
"2929",NA,NA
"2930",NA,NA
"2931",NA,NA
"2932",NA,NA
"2933",NA,NA
"2934",NA,NA
"2935",NA,NA
"2936",NA,NA
"2937",NA,NA
"2938",NA,NA
"2939",NA,NA
"2940",NA,NA
"2941",NA,NA
"2942",NA,NA
"2943",NA,NA
"2944",NA,NA
"2945",NA,NA
"2946",NA,NA
"2947",NA,NA
"2948","no","no"
"2949",NA,NA
"2950",NA,NA
"2951",NA,NA
"2952",NA,NA
"2953",NA,NA
"2954",NA,NA
"2955",NA,NA
"2956",NA,NA
"2957",NA,NA
"2958",NA,NA
"2959",NA,NA
"2960",NA,"no"
"2961",NA,NA
"2962",NA,NA
"2963",NA,NA
"2964",NA,NA
"2965",NA,NA
"2966",NA,NA
"2967",NA,NA
"2968",NA,NA
"2969",NA,"no"
"2970",NA,NA
"2971",NA,NA
"2972",NA,NA
"2973",NA,NA
"2974",NA,NA
"2975",NA,NA
"2976",NA,NA
"2977",NA,NA
"2978",NA,NA
"2979",NA,NA
"2980",NA,NA
"2981",NA,"no"
"2982",NA,NA
"2983",NA,NA
"2984",NA,NA
"2985",NA,NA
"2986",NA,NA
"2987",NA,NA
"2988",NA,NA
"2989",NA,NA
"2990",NA,NA
"2991",NA,NA
"2992",NA,NA
"2993",NA,NA
"2994",NA,NA
"2995",NA,NA
"2996",NA,NA
"2997",NA,NA
"2998",NA,NA
"2999","no",NA
"3000",NA,NA
"3001",NA,NA
"3002",NA,NA
"3003",NA,NA
"3004",NA,NA
"3005",NA,NA
"3006",NA,NA
"3007",NA,NA
"3008",NA,NA
"3009",NA,"yes"
"3010",NA,"yes"
"3011",NA,NA
"3012",NA,"no"
"3013",NA,"no"
"3014",NA,NA
"3015",NA,"no"
"3016",NA,NA
"3017",NA,NA
"3018",NA,NA
"3019",NA,NA
"3020",NA,NA
"3021","no","no"
"3022",NA,NA
"3023",NA,NA
"3024",NA,NA
"3025",NA,NA
"3026",NA,NA
"3027",NA,NA
"3028",NA,NA
"3029",NA,NA
"3030",NA,NA
"3031",NA,NA
"3032",NA,NA
"3033","no",NA
"3034",NA,NA
"3035",NA,NA
"3036",NA,NA
"3037",NA,NA
"3038",NA,NA
"3039",NA,NA
"3040",NA,NA
"3041",NA,NA
"3042",NA,NA
"3043",NA,NA
"3044",NA,NA
"3045",NA,NA
"3046",NA,NA
"3047",NA,NA
"3048",NA,NA
"3049","no",NA
"3050",NA,NA
"3051",NA,NA
"3052",NA,NA
"3053",NA,NA
"3054",NA,NA
"3055",NA,NA
"3056",NA,NA
"3057",NA,NA
"3058",NA,NA
"3059",NA,NA
"3060",NA,NA
"3061",NA,NA
"3062",NA,NA
"3063",NA,NA
"3064",NA,NA
"3065",NA,NA
"3066",NA,NA
"3067",NA,NA
"3068",NA,NA
"3069",NA,"no"
"3070",NA,NA
"3071",NA,NA
"3072",NA,NA
"3073",NA,NA
"3074",NA,NA
"3075",NA,NA
"3076",NA,NA
"3077",NA,NA
"3078",NA,"no"
"3079",NA,NA
"3080",NA,NA
"3081",NA,NA
"3082",NA,NA
"3083",NA,NA
"3084",NA,NA
"3085","no","no"
"3086",NA,NA
"3087",NA,"no"
"3088",NA,NA
"3089",NA,NA
"3090","no","no"
"3091",NA,NA
"3092",NA,NA
"3093",NA,"no"
"3094",NA,NA
"3095",NA,NA
"3096",NA,NA
"3097",NA,NA
"3098",NA,NA
"3099",NA,NA
"3100",NA,NA
"3101",NA,NA
"3102",NA,NA
"3103",NA,"no"
"3104",NA,NA
"3105",NA,NA
"3106",NA,NA
"3107",NA,NA
"3108",NA,NA
"3109",NA,NA
"3110",NA,NA
"3111",NA,NA
"3112",NA,NA
"3113",NA,NA
"3114",NA,NA
"3115",NA,NA
"3116",NA,NA
"3117",NA,NA
"3118",NA,NA
"3119",NA,NA
"3120",NA,NA
"3121",NA,NA
"3122",NA,NA
"3123",NA,NA
"3124",NA,NA
"3125",NA,NA
"3126",NA,NA
"3127",NA,NA
"3128",NA,NA
"3129",NA,NA
"3130",NA,NA
"3131",NA,"no"
"3132",NA,NA
"3133",NA,NA
"3134",NA,NA
"3135",NA,NA
"3136",NA,NA
"3137",NA,NA
"3138",NA,NA
"3139",NA,NA
"3140",NA,NA
"3141",NA,NA
"3142",NA,NA
"3143",NA,NA
"3144","no",NA
"3145",NA,NA
"3146",NA,NA
"3147",NA,NA
"3148",NA,NA
"3149",NA,NA
"3150",NA,NA
"3151",NA,NA
"3152",NA,NA
"3153",NA,NA
"3154",NA,NA
"3155",NA,NA
"3156",NA,NA
"3157",NA,NA
"3158",NA,NA
"3159",NA,NA
"3160",NA,NA
"3161",NA,"yes"
"3162",NA,NA
"3163",NA,NA
"3164",NA,NA
"3165",NA,NA
"3166",NA,NA
"3167",NA,NA
"3168",NA,NA
"3169",NA,NA
"3170",NA,NA
"3171",NA,NA
"3172",NA,"no"
"3173",NA,NA
"3174",NA,NA
"3175",NA,NA
"3176",NA,NA
"3177",NA,NA
"3178",NA,"no"
"3179",NA,NA
"3180",NA,NA
"3181",NA,NA
"3182",NA,NA
"3183",NA,NA
"3184",NA,NA
"3185",NA,NA
"3186",NA,NA
"3187",NA,NA
"3188","no",NA
"3189",NA,NA
"3190",NA,NA
"3191",NA,NA
"3192",NA,NA
"3193",NA,NA
"3194",NA,NA
"3195",NA,NA
"3196",NA,NA
"3197",NA,NA
"3198",NA,NA
"3199",NA,NA
"3200",NA,NA
"3201",NA,NA
"3202",NA,NA
"3203",NA,NA
"3204",NA,NA
"3205",NA,NA
"3206",NA,NA
"3207",NA,NA
"3208",NA,NA
"3209",NA,NA
"3210",NA,NA
"3211",NA,NA
"3212",NA,NA
"3213",NA,NA
"3214",NA,NA
"3215",NA,NA
"3216",NA,NA
"3217",NA,NA
"3218",NA,NA
"3219",NA,NA
"3220",NA,NA
"3221","no",NA
"3222",NA,NA
"3223",NA,NA
"3224",NA,NA
"3225",NA,NA
"3226",NA,NA
"3227",NA,"no"
"3228",NA,NA
"3229",NA,NA
"3230",NA,NA
"3231",NA,NA
"3232",NA,NA
"3233",NA,NA
"3234",NA,NA
"3235",NA,NA
"3236",NA,NA
"3237",NA,NA
"3238",NA,NA
"3239",NA,NA
"3240",NA,NA
"3241",NA,NA
"3242",NA,NA
"3243",NA,NA
"3244",NA,NA
"3245",NA,"no"
"3246",NA,NA
"3247",NA,NA
"3248",NA,NA
"3249",NA,"no"
"3250",NA,NA
"3251",NA,NA
"3252",NA,NA
"3253",NA,NA
"3254",NA,NA
"3255",NA,NA
"3256",NA,NA
"3257",NA,NA
"3258",NA,NA
"3259",NA,NA
"3260",NA,NA
"3261",NA,NA
"3262",NA,NA
"3263",NA,NA
"3264",NA,NA
"3265",NA,NA
"3266","no","yes"
"3267",NA,NA
"3268",NA,NA
"3269",NA,NA
"3270",NA,NA
"3271",NA,NA
"3272",NA,NA
"3273",NA,NA
"3274",NA,NA
"3275",NA,NA
"3276",NA,NA
"3277",NA,NA
"3278",NA,NA
"3279",NA,NA
"3280",NA,NA
"3281",NA,NA
"3282",NA,NA
"3283",NA,NA
"3284",NA,NA
"3285",NA,NA
"3286",NA,NA
"3287",NA,NA
"3288",NA,NA
"3289",NA,NA
"3290","no",NA
"3291",NA,NA
"3292",NA,NA
"3293",NA,NA
"3294",NA,NA
"3295",NA,NA
"3296",NA,"no"
"3297",NA,"yes"
"3298",NA,NA
"3299",NA,NA
"3300",NA,NA
"3301",NA,NA
"3302",NA,NA
"3303",NA,NA
"3304",NA,NA
"3305",NA,NA
"3306",NA,NA
"3307",NA,NA
"3308",NA,NA
"3309",NA,NA
"3310",NA,"no"
"3311",NA,NA
"3312",NA,NA
"3313",NA,NA
"3314",NA,NA
"3315",NA,NA
"3316",NA,NA
"3317",NA,NA
"3318",NA,NA
"3319",NA,NA
"3320","no",NA
"3321",NA,NA
"3322",NA,"no"
"3323",NA,NA
"3324","no",NA
"3325",NA,NA
"3326",NA,NA
"3327",NA,"no"
"3328",NA,NA
"3329",NA,NA
"3330",NA,NA
"3331",NA,NA
"3332",NA,NA
"3333",NA,NA
"3334",NA,NA
"3335",NA,"no"
"3336",NA,NA
"3337",NA,NA
"3338",NA,"no"
"3339",NA,NA
"3340",NA,NA
"3341",NA,NA
"3342",NA,NA
"3343",NA,NA
"3344",NA,NA
"3345",NA,NA
"3346",NA,NA
"3347",NA,NA
"3348",NA,NA
"3349",NA,NA
"3350",NA,NA
"3351",NA,NA
"3352",NA,"no"
"3353",NA,NA
"3354",NA,NA
"3355",NA,NA
"3356","yes",NA
"3357",NA,NA
"3358",NA,NA
"3359",NA,NA
"3360",NA,NA
"3361",NA,NA
"3362",NA,NA
"3363",NA,NA
"3364",NA,NA
"3365",NA,NA
"3366",NA,NA
"3367",NA,NA
"3368",NA,NA
"3369",NA,NA
"3370",NA,NA
"3371",NA,NA
"3372",NA,NA
"3373",NA,NA
"3374",NA,NA
"3375",NA,NA
"3376",NA,NA
"3377",NA,NA
"3378",NA,NA
"3379",NA,NA
"3380",NA,NA
"3381",NA,NA
"3382",NA,NA
"3383",NA,NA
"3384",NA,NA
"3385","no",NA
"3386",NA,NA
"3387",NA,NA
"3388",NA,NA
"3389",NA,NA
"3390",NA,NA
"3391",NA,NA
"3392",NA,NA
"3393",NA,NA
"3394",NA,NA
"3395",NA,NA
"3396",NA,NA
"3397",NA,NA
"3398",NA,NA
"3399",NA,"yes"
"3400",NA,NA
"3401",NA,NA
"3402",NA,NA
"3403",NA,"no"
"3404",NA,"no"
"3405",NA,NA
"3406",NA,NA
"3407",NA,"no"
"3408",NA,NA
"3409",NA,NA
"3410",NA,NA
"3411",NA,NA
"3412",NA,NA
"3413",NA,NA
"3414",NA,NA
"3415",NA,NA
"3416",NA,NA
"3417",NA,NA
"3418",NA,NA
"3419",NA,"no"
"3420",NA,"no"
"3421",NA,NA
"3422",NA,"no"
"3423",NA,NA
"3424",NA,NA
"3425",NA,NA
"3426",NA,NA
"3427",NA,NA
"3428",NA,NA
"3429",NA,NA
"3430",NA,NA
"3431",NA,NA
"3432",NA,NA
"3433",NA,NA
"3434",NA,NA
"3435",NA,NA
"3436",NA,NA
"3437",NA,NA
"3438",NA,NA
"3439",NA,NA
"3440",NA,NA
"3441",NA,NA
"3442",NA,NA
"3443",NA,NA
"3444",NA,NA
"3445",NA,NA
"3446",NA,NA
"3447",NA,NA
"3448",NA,NA
"3449",NA,NA
"3450",NA,NA
"3451",NA,NA
"3452",NA,NA
"3453",NA,NA
"3454",NA,NA
"3455",NA,NA
"3456",NA,NA
"3457",NA,NA
"3458",NA,NA
"3459",NA,NA
"3460",NA,NA
"3461",NA,NA
"3462",NA,NA
"3463","no","no"
"3464",NA,NA
"3465",NA,NA
"3466",NA,NA
"3467",NA,NA
"3468",NA,NA
"3469",NA,NA
"3470",NA,NA
"3471",NA,NA
"3472",NA,NA
"3473",NA,NA
"3474",NA,NA
"3475",NA,NA
"3476",NA,NA
"3477",NA,NA
"3478",NA,NA
"3479",NA,NA
"3480",NA,NA
"3481",NA,NA
"3482",NA,NA
"3483",NA,NA
"3484",NA,NA
"3485",NA,"no"
"3486",NA,NA
"3487",NA,"no"
"3488",NA,NA
"3489",NA,NA
"3490",NA,NA
"3491",NA,NA
"3492",NA,NA
"3493",NA,NA
"3494",NA,NA
"3495",NA,NA
"3496",NA,NA
"3497",NA,NA
"3498","no",NA
"3499",NA,NA
"3500",NA,NA
"3501",NA,NA
"3502",NA,NA
"3503",NA,NA
"3504",NA,NA
"3505",NA,NA
"3506",NA,NA
"3507","no",NA
"3508","no",NA
"3509",NA,NA
"3510",NA,NA
"3511",NA,NA
"3512",NA,NA
"3513",NA,NA
"3514",NA,NA
"3515",NA,NA
"3516",NA,NA
"3517",NA,NA
"3518",NA,NA
"3519",NA,NA
"3520",NA,NA
"3521",NA,NA
"3522",NA,NA
"3523",NA,NA
"3524",NA,NA
"3525",NA,NA
"3526",NA,NA
"3527","no",NA
"3528",NA,NA
"3529",NA,NA
"3530",NA,NA
"3531",NA,NA
"3532",NA,NA
"3533",NA,NA
"3534",NA,NA
"3535",NA,NA
"3536",NA,"no"
"3537",NA,NA
"3538",NA,NA
"3539",NA,NA
"3540",NA,NA
"3541",NA,NA
"3542",NA,NA
"3543",NA,NA
"3544",NA,NA
"3545",NA,NA
"3546",NA,NA
"3547",NA,NA
"3548",NA,NA
"3549",NA,NA
"3550",NA,NA
"3551",NA,NA
"3552",NA,NA
"3553",NA,NA
"3554",NA,NA
"3555",NA,NA
"3556",NA,NA
"3557",NA,NA
"3558",NA,NA
"3559","no",NA
"3560",NA,NA
"3561",NA,NA
"3562",NA,NA
"3563",NA,NA
"3564",NA,"no"
"3565",NA,NA
"3566",NA,"no"
"3567",NA,NA
"3568",NA,NA
"3569",NA,NA
"3570",NA,NA
"3571",NA,"no"
"3572","no",NA
"3573",NA,NA
"3574",NA,NA
"3575",NA,NA
"3576",NA,NA
"3577",NA,NA
"3578",NA,NA
"3579",NA,NA
"3580","no","no"
"3581",NA,NA
"3582",NA,NA
"3583",NA,NA
"3584",NA,NA
"3585",NA,NA
"3586",NA,NA
"3587",NA,NA
"3588",NA,"no"
"3589","no",NA
"3590",NA,NA
"3591",NA,NA
"3592",NA,NA
"3593",NA,NA
"3594",NA,NA
"3595",NA,NA
"3596",NA,NA
"3597",NA,NA
"3598",NA,NA
"3599",NA,NA
"3600",NA,"no"
"3601",NA,NA
"3602",NA,NA
"3603",NA,NA
"3604",NA,"no"
"3605",NA,NA
"3606",NA,NA
"3607",NA,NA
"3608",NA,NA
"3609",NA,NA
"3610",NA,NA
"3611",NA,NA
"3612",NA,NA
"3613",NA,NA
"3614",NA,NA
"3615",NA,NA
"3616",NA,NA
"3617",NA,NA
"3618",NA,NA
"3619",NA,NA
"3620",NA,"no"
"3621",NA,NA
"3622",NA,NA
"3623",NA,NA
"3624",NA,NA
"3625",NA,NA
"3626",NA,NA
"3627",NA,NA
"3628",NA,NA
"3629",NA,NA
"3630",NA,NA
"3631",NA,NA
"3632",NA,NA
"3633",NA,NA
"3634",NA,NA
"3635",NA,NA
"3636",NA,NA
"3637",NA,NA
"3638",NA,NA
"3639",NA,NA
"3640",NA,NA
"3641",NA,NA
"3642",NA,NA
"3643",NA,NA
"3644",NA,NA
"3645",NA,NA
"3646",NA,NA
"3647",NA,NA
"3648",NA,NA
"3649",NA,NA
"3650",NA,NA
"3651","no","no"
"3652",NA,NA
"3653",NA,NA
"3654",NA,NA
"3655","no",NA
"3656",NA,NA
"3657",NA,NA
"3658",NA,NA
"3659",NA,NA
"3660","no","no"
"3661",NA,NA
"3662",NA,NA
"3663",NA,NA
"3664","no","no"
"3665",NA,NA
"3666",NA,NA
"3667",NA,NA
"3668",NA,NA
"3669",NA,NA
"3670",NA,NA
"3671",NA,NA
"3672",NA,NA
"3673",NA,NA
"3674","no",NA
"3675",NA,NA
"3676",NA,NA
"3677",NA,NA
"3678",NA,NA
"3679",NA,NA
"3680",NA,NA
"3681",NA,NA
"3682",NA,NA
"3683",NA,NA
"3684",NA,NA
"3685",NA,NA
"3686",NA,NA
"3687",NA,NA
"3688",NA,NA
"3689",NA,NA
"3690",NA,NA
"3691",NA,NA
"3692",NA,"no"
"3693",NA,NA
"3694",NA,NA
"3695",NA,NA
"3696",NA,NA
"3697",NA,NA
"3698",NA,NA
"3699","no","no"
"3700","no","no"
"3701",NA,NA
"3702",NA,NA
"3703",NA,NA
"3704",NA,NA
"3705",NA,NA
"3706",NA,NA
"3707","no",NA
"3708",NA,NA
"3709",NA,NA
"3710",NA,NA
"3711",NA,"no"
"3712",NA,NA
"3713",NA,NA
"3714",NA,NA
"3715",NA,"no"
"3716",NA,NA
"3717",NA,NA
"3718",NA,NA
"3719",NA,NA
"3720",NA,NA
"3721",NA,NA
"3722",NA,NA
"3723",NA,NA
"3724",NA,NA
"3725",NA,NA
"3726",NA,NA
"3727",NA,NA
"3728",NA,NA
"3729",NA,NA
"3730",NA,NA
"3731",NA,NA
"3732",NA,NA
"3733",NA,NA
"3734",NA,NA
"3735",NA,NA
"3736",NA,NA
"3737","yes","no"
"3738","no",NA
"3739",NA,"no"
"3740",NA,"no"
"3741",NA,NA
"3742",NA,NA
"3743",NA,NA
"3744",NA,NA
"3745",NA,"no"
"3746",NA,NA
"3747",NA,NA
"3748",NA,NA
"3749",NA,NA
"3750",NA,NA
"3751",NA,NA
"3752",NA,NA
"3753",NA,NA
"3754",NA,NA
"3755",NA,NA
"3756",NA,NA
"3757",NA,NA
"3758",NA,NA
"3759",NA,NA
"3760",NA,NA
"3761",NA,NA
"3762",NA,NA
"3763",NA,NA
"3764",NA,NA
"3765",NA,NA
"3766",NA,NA
"3767",NA,NA
"3768",NA,"no"
"3769",NA,NA
"3770",NA,"no"
"3771",NA,NA
"3772",NA,NA
"3773",NA,NA
"3774",NA,NA
"3775",NA,NA
"3776",NA,NA
"3777",NA,NA
"3778",NA,NA
"3779",NA,NA
"3780",NA,NA
"3781",NA,NA
"3782",NA,NA
"3783",NA,NA
"3784",NA,NA
"3785",NA,NA
"3786",NA,NA
"3787",NA,NA
"3788",NA,NA
"3789",NA,NA
"3790",NA,NA
"3791",NA,NA
"3792",NA,NA
"3793",NA,NA
"3794",NA,NA
"3795",NA,NA
"3796",NA,NA
"3797",NA,NA
"3798",NA,"no"
"3799",NA,NA
"3800",NA,NA
"3801",NA,NA
"3802",NA,NA
"3803",NA,NA
"3804",NA,NA
"3805",NA,NA
"3806",NA,NA
"3807",NA,NA
"3808",NA,NA
"3809","no",NA
"3810",NA,NA
"3811",NA,NA
"3812",NA,NA
"3813",NA,"no"
"3814",NA,NA
"3815",NA,NA
"3816",NA,NA
"3817",NA,NA
"3818",NA,NA
"3819",NA,NA
"3820",NA,NA
"3821",NA,NA
"3822",NA,NA
"3823",NA,NA
"3824",NA,NA
"3825",NA,NA
"3826",NA,NA
"3827",NA,NA
"3828",NA,NA
"3829",NA,NA
"3830",NA,NA
"3831",NA,NA
"3832",NA,NA
"3833",NA,"yes"
"3834",NA,NA
"3835",NA,NA
"3836",NA,NA
"3837",NA,NA
"3838",NA,NA
"3839",NA,NA
"3840",NA,NA
"3841",NA,NA
"3842","no","no"
"3843",NA,NA
"3844",NA,NA
"3845",NA,NA
"3846",NA,NA
"3847",NA,NA
"3848",NA,NA
"3849",NA,NA
"3850",NA,NA
"3851",NA,NA
"3852",NA,NA
"3853",NA,NA
"3854",NA,NA
"3855",NA,"no"
"3856",NA,"no"
"3857",NA,NA
"3858",NA,NA
"3859",NA,NA
"3860",NA,NA
"3861",NA,NA
"3862",NA,NA
"3863",NA,NA
"3864",NA,NA
"3865",NA,NA
"3866",NA,NA
"3867",NA,NA
"3868",NA,NA
"3869",NA,NA
"3870",NA,NA
"3871",NA,NA
"3872",NA,NA
"3873",NA,NA
"3874",NA,NA
"3875",NA,NA
"3876",NA,NA
"3877",NA,NA
"3878",NA,NA
"3879",NA,NA
"3880",NA,NA
"3881",NA,NA
"3882",NA,NA
"3883",NA,NA
"3884",NA,NA
"3885",NA,NA
"3886",NA,"no"
"3887",NA,NA
"3888",NA,NA
"3889","no",NA
"3890","yes","no"
"3891",NA,NA
"3892",NA,NA
"3893",NA,NA
"3894",NA,NA
"3895",NA,NA
"3896",NA,NA
"3897",NA,NA
"3898",NA,NA
"3899",NA,NA
"3900",NA,NA
"3901",NA,NA
"3902",NA,"no"
"3903","no",NA
"3904",NA,NA
"3905",NA,NA
"3906",NA,NA
"3907",NA,NA
"3908",NA,NA
"3909",NA,NA
"3910",NA,NA
"3911",NA,NA
"3912",NA,NA
"3913",NA,NA
"3914",NA,NA
"3915",NA,NA
"3916",NA,NA
"3917",NA,NA
"3918",NA,NA
"3919",NA,NA
"3920",NA,NA
"3921",NA,NA
"3922",NA,"yes"
"3923",NA,NA
"3924",NA,NA
"3925",NA,NA
"3926",NA,NA
"3927",NA,NA
"3928",NA,NA
"3929",NA,NA
"3930",NA,NA
"3931",NA,NA
"3932",NA,NA
"3933",NA,NA
"3934",NA,"no"
"3935",NA,NA
"3936",NA,NA
"3937",NA,NA
"3938",NA,NA
"3939",NA,NA
"3940",NA,NA
"3941",NA,NA
"3942",NA,NA
"3943",NA,NA
"3944",NA,NA
"3945",NA,NA
"3946",NA,NA
"3947","no",NA
"3948",NA,NA
"3949",NA,NA
"3950",NA,NA
"3951",NA,NA
"3952",NA,NA
"3953",NA,NA
"3954",NA,NA
"3955",NA,NA
"3956",NA,NA
"3957",NA,NA
"3958",NA,NA
"3959",NA,NA
"3960",NA,NA
"3961",NA,NA
"3962",NA,NA
"3963",NA,NA
"3964",NA,NA
"3965",NA,NA
"3966",NA,NA
"3967",NA,NA
"3968",NA,NA
"3969",NA,NA
"3970",NA,"no"
"3971",NA,NA
"3972","no",NA
"3973",NA,NA
"3974",NA,NA
"3975","no",NA
"3976",NA,NA
"3977",NA,NA
"3978",NA,NA
"3979",NA,NA
"3980",NA,NA
"3981",NA,NA
"3982",NA,NA
"3983",NA,"no"
"3984",NA,NA
"3985",NA,NA
"3986",NA,NA
"3987",NA,NA
"3988",NA,NA
"3989",NA,NA
"3990",NA,NA
"3991",NA,NA
"3992",NA,NA
"3993",NA,NA
"3994",NA,NA
"3995",NA,NA
"3996",NA,NA
"3997",NA,NA
"3998",NA,NA
"3999",NA,NA
"4000",NA,NA
"4001",NA,NA
"4002",NA,NA
"4003",NA,NA
"4004",NA,NA
"4005",NA,NA
"4006",NA,NA
"4007",NA,NA
"4008",NA,NA
"4009","yes",NA
"4010",NA,NA
"4011",NA,"no"
"4012",NA,NA
"4013",NA,NA
"4014",NA,NA
"4015",NA,NA
"4016",NA,NA
"4017",NA,NA
"4018",NA,NA
"4019",NA,NA
"4020",NA,"no"
"4021",NA,NA
"4022",NA,NA
"4023","no",NA
"4024",NA,NA
"4025",NA,NA
"4026",NA,NA
"4027",NA,NA
"4028",NA,NA
"4029",NA,NA
"4030",NA,NA
"4031",NA,NA
"4032",NA,NA
"4033",NA,NA
"4034",NA,"no"
"4035",NA,NA
"4036",NA,NA
"4037",NA,NA
"4038",NA,NA
"4039",NA,NA
"4040",NA,NA
"4041",NA,NA
"4042",NA,NA
"4043",NA,NA
"4044",NA,NA
"4045",NA,NA
"4046",NA,NA
"4047",NA,NA
"4048",NA,NA
"4049",NA,NA
"4050",NA,NA
"4051",NA,NA
"4052",NA,NA
"4053",NA,NA
"4054",NA,NA
"4055",NA,NA
"4056",NA,NA
"4057",NA,NA
"4058",NA,NA
"4059",NA,NA
"4060","no",NA
"4061",NA,NA
"4062",NA,NA
"4063",NA,NA
"4064",NA,NA
"4065",NA,NA
"4066",NA,NA
"4067",NA,NA
"4068",NA,NA
"4069","no",NA
"4070","no",NA
"4071",NA,NA
"4072",NA,"no"
"4073",NA,NA
"4074",NA,NA
"4075",NA,NA
"4076",NA,NA
"4077",NA,NA
"4078",NA,NA
"4079",NA,NA
"4080",NA,NA
"4081",NA,NA
"4082",NA,NA
"4083",NA,NA
"4084",NA,NA
"4085",NA,"no"
"4086",NA,NA
"4087",NA,NA
"4088",NA,NA
"4089",NA,NA
"4090",NA,NA
"4091",NA,NA
"4092",NA,NA
"4093",NA,NA
"4094",NA,NA
"4095",NA,NA
"4096",NA,NA
"4097",NA,NA
"4098",NA,NA
"4099",NA,"no"
"4100",NA,NA
"4101","no",NA
"4102",NA,NA
"4103",NA,NA
"4104",NA,NA
"4105",NA,NA
"4106",NA,NA
"4107",NA,NA
"4108",NA,NA
"4109",NA,NA
"4110",NA,NA
"4111",NA,NA
"4112",NA,NA
"4113",NA,NA
"4114",NA,NA
"4115",NA,NA
"4116",NA,NA
"4117",NA,NA
"4118",NA,NA
"4119","no",NA
"4120",NA,NA
"4121",NA,NA
"4122",NA,NA
"4123",NA,NA
"4124",NA,NA
"4125",NA,NA
"4126",NA,NA
"4127",NA,NA
"4128",NA,NA
"4129",NA,NA
"4130",NA,NA
"4131",NA,NA
"4132",NA,NA
"4133",NA,NA
"4134",NA,NA
"4135",NA,NA
"4136",NA,NA
"4137",NA,NA
"4138",NA,NA
"4139",NA,NA
"4140",NA,NA
"4141",NA,NA
"4142",NA,NA
"4143",NA,NA
"4144",NA,NA
"4145",NA,NA
"4146",NA,NA
"4147",NA,NA
"4148",NA,NA
"4149",NA,"no"
"4150",NA,NA
"4151",NA,NA
"4152",NA,NA
"4153",NA,"yes"
"4154",NA,NA
"4155",NA,"no"
"4156",NA,NA
"4157",NA,NA
"4158",NA,NA
"4159",NA,NA
"4160",NA,NA
"4161",NA,NA
"4162",NA,NA
"4163",NA,NA
"4164",NA,NA
"4165",NA,NA
"4166",NA,NA
"4167",NA,NA
"4168",NA,NA
"4169",NA,NA
"4170",NA,NA
"4171",NA,NA
"4172",NA,NA
"4173","no",NA
"4174","no",NA
"4175",NA,NA
"4176","no",NA
"4177",NA,"yes"
"4178",NA,"yes"
"4179",NA,NA
"4180",NA,NA
"4181",NA,NA
"4182",NA,NA
"4183",NA,NA
"4184",NA,NA
"4185",NA,NA
"4186",NA,NA
"4187",NA,NA
"4188",NA,NA
"4189",NA,"no"
"4190",NA,NA
"4191",NA,"no"
"4192",NA,NA
"4193",NA,NA
"4194",NA,NA
"4195",NA,NA
"4196",NA,NA
"4197",NA,NA
"4198",NA,NA
"4199",NA,"no"
"4200","no","no"
"4201",NA,NA
"4202",NA,NA
"4203",NA,NA
"4204",NA,NA
"4205",NA,NA
"4206",NA,NA
"4207",NA,NA
"4208",NA,NA
"4209",NA,NA
"4210",NA,NA
"4211",NA,NA
"4212",NA,NA
"4213",NA,NA
"4214",NA,NA
"4215",NA,NA
"4216",NA,NA
"4217",NA,NA
"4218",NA,NA
"4219",NA,NA
"4220",NA,NA
"4221",NA,NA
"4222",NA,NA
"4223",NA,NA
"4224",NA,NA
"4225",NA,NA
"4226",NA,NA
"4227",NA,NA
"4228",NA,NA
"4229",NA,NA
"4230",NA,NA
"4231",NA,NA
"4232",NA,NA
"4233",NA,NA
"4234",NA,NA
"4235",NA,NA
"4236",NA,"yes"
"4237",NA,NA
"4238",NA,NA
"4239",NA,NA
"4240",NA,NA
"4241",NA,NA
"4242",NA,"no"
"4243","no",NA
"4244",NA,NA
"4245",NA,NA
"4246",NA,NA
"4247",NA,NA
"4248",NA,NA
"4249",NA,NA
"4250",NA,NA
"4251","no","no"
"4252","no",NA
"4253",NA,NA
"4254",NA,NA
"4255",NA,NA
"4256",NA,NA
"4257",NA,NA
"4258",NA,NA
"4259",NA,NA
"4260",NA,NA
"4261",NA,NA
"4262",NA,NA
"4263","no",NA
"4264",NA,NA
"4265",NA,NA
"4266",NA,NA
"4267",NA,NA
"4268",NA,NA
"4269",NA,NA
"4270",NA,NA
"4271",NA,NA
"4272",NA,NA
"4273",NA,NA
"4274",NA,NA
"4275",NA,NA
"4276",NA,NA
"4277",NA,NA
"4278",NA,NA
"4279",NA,NA
"4280",NA,NA
"4281",NA,NA
"4282",NA,NA
"4283",NA,NA
"4284",NA,NA
"4285",NA,NA
"4286",NA,NA
"4287",NA,"no"
"4288",NA,NA
"4289",NA,NA
"4290",NA,NA
"4291",NA,NA
"4292",NA,NA
"4293",NA,"yes"
"4294",NA,NA
"4295",NA,NA
"4296",NA,NA
"4297",NA,NA
"4298",NA,NA
"4299",NA,NA
"4300",NA,NA
"4301",NA,"no"
"4302",NA,NA
"4303",NA,NA
"4304",NA,NA
"4305",NA,NA
"4306",NA,NA
"4307",NA,NA
"4308",NA,NA
"4309",NA,NA
"4310",NA,NA
"4311",NA,NA
"4312",NA,NA
"4313",NA,NA
"4314",NA,NA
"4315",NA,NA
"4316",NA,NA
"4317",NA,NA
"4318",NA,NA
"4319",NA,NA
"4320",NA,NA
"4321","no",NA
"4322",NA,NA
"4323",NA,NA
"4324",NA,NA
"4325",NA,NA
"4326",NA,NA
"4327",NA,NA
"4328",NA,NA
"4329",NA,NA
"4330",NA,NA
"4331",NA,NA
"4332",NA,NA
"4333",NA,NA
"4334",NA,NA
"4335",NA,NA
"4336",NA,NA
"4337",NA,NA
"4338",NA,NA
"4339",NA,NA
"4340",NA,NA
"4341",NA,"no"
"4342",NA,NA
"4343",NA,NA
"4344",NA,NA
"4345",NA,NA
"4346",NA,NA
"4347",NA,NA
"4348",NA,NA
"4349","no",NA
"4350",NA,"no"
"4351",NA,NA
"4352",NA,NA
"4353",NA,NA
"4354",NA,NA
"4355",NA,NA
"4356",NA,NA
"4357","no",NA
"4358",NA,NA
"4359",NA,NA
"4360",NA,NA
"4361",NA,NA
"4362",NA,NA
"4363",NA,NA
"4364",NA,NA
"4365",NA,NA
"4366",NA,NA
"4367",NA,NA
"4368",NA,NA
"4369",NA,"no"
"4370",NA,NA
"4371",NA,NA
"4372",NA,NA
"4373",NA,NA
"4374","no","no"
"4375",NA,NA
"4376",NA,NA
"4377",NA,NA
"4378","no",NA
"4379",NA,NA
"4380",NA,NA
"4381",NA,NA
"4382",NA,NA
"4383",NA,NA
"4384",NA,NA
"4385",NA,NA
"4386",NA,NA
"4387",NA,NA
"4388",NA,NA
"4389",NA,"no"
"4390",NA,NA
"4391",NA,NA
"4392",NA,NA
"4393",NA,NA
"4394",NA,NA
"4395",NA,NA
"4396","no",NA
"4397",NA,NA
"4398",NA,NA
"4399",NA,NA
"4400",NA,NA
"4401",NA,NA
"4402",NA,NA
"4403",NA,NA
"4404",NA,NA
"4405",NA,NA
"4406",NA,NA
"4407",NA,"yes"
"4408",NA,NA
"4409",NA,NA
"4410",NA,NA
"4411",NA,NA
"4412",NA,NA
"4413",NA,NA
"4414",NA,NA
"4415",NA,NA
"4416",NA,NA
"4417",NA,NA
"4418","no",NA
"4419",NA,NA
"4420","no",NA
"4421",NA,NA
"4422","no",NA
"4423",NA,NA
"4424",NA,"no"
"4425",NA,NA
"4426",NA,NA
"4427",NA,NA
"4428",NA,NA
"4429",NA,NA
"4430",NA,NA
"4431",NA,NA
"4432",NA,NA
"4433",NA,NA
"4434",NA,NA
"4435",NA,NA
"4436",NA,NA
"4437",NA,"no"
"4438",NA,NA
"4439",NA,NA
"4440",NA,NA
"4441",NA,NA
"4442",NA,NA
"4443",NA,NA
"4444",NA,NA
"4445",NA,NA
"4446",NA,NA
"4447",NA,"yes"
"4448",NA,NA
"4449","no","no"
"4450","no",NA
"4451",NA,NA
"4452",NA,NA
"4453",NA,NA
"4454",NA,NA
"4455",NA,NA
"4456",NA,NA
"4457",NA,NA
"4458",NA,NA
"4459",NA,NA
"4460",NA,NA
"4461","no",NA
"4462",NA,NA
"4463",NA,NA
"4464",NA,NA
"4465",NA,NA
"4466",NA,NA
"4467",NA,NA
"4468",NA,NA
"4469",NA,NA
"4470",NA,NA
"4471",NA,NA
"4472",NA,"no"
"4473",NA,NA
"4474",NA,NA
"4475",NA,NA
"4476",NA,NA
"4477",NA,NA
"4478",NA,NA
"4479",NA,NA
"4480",NA,NA
"4481",NA,NA
"4482",NA,NA
"4483",NA,NA
"4484",NA,NA
"4485",NA,NA
"4486",NA,NA
"4487",NA,NA
"4488",NA,NA
"4489",NA,NA
"4490",NA,NA
"4491",NA,"no"
"4492",NA,NA
"4493",NA,"no"
"4494",NA,"no"
"4495",NA,NA
"4496",NA,"no"
"4497",NA,NA
"4498","no",NA
"4499",NA,NA
"4500",NA,NA
"4501",NA,NA
"4502",NA,NA
"4503",NA,NA
"4504",NA,NA
"4505",NA,NA
"4506",NA,NA
"4507","no","no"
"4508",NA,NA
"4509",NA,NA
"4510",NA,NA
"4511",NA,NA
"4512",NA,NA
"4513",NA,"no"
"4514",NA,NA
"4515",NA,NA
"4516",NA,NA
"4517",NA,NA
"4518",NA,NA
"4519",NA,NA
"4520",NA,NA
"4521",NA,NA
"4522",NA,NA
"4523",NA,NA
"4524",NA,NA
"4525",NA,NA
"4526",NA,NA
"4527",NA,NA
"4528",NA,NA
"4529",NA,NA
"4530","no","no"
"4531",NA,NA
"4532",NA,NA
"4533",NA,NA
"4534",NA,NA
"4535",NA,NA
"4536",NA,NA
"4537",NA,NA
"4538",NA,NA
"4539",NA,"no"
"4540",NA,NA
"4541",NA,NA
"4542",NA,NA
"4543",NA,NA
"4544",NA,NA
"4545",NA,NA
"4546",NA,"no"
"4547",NA,NA
"4548",NA,NA
"4549",NA,NA
"4550",NA,NA
"4551",NA,NA
"4552",NA,NA
"4553",NA,NA
"4554",NA,NA
"4555",NA,NA
"4556",NA,NA
"4557",NA,NA
"4558",NA,NA
"4559",NA,NA
"4560",NA,"no"
"4561",NA,NA
"4562",NA,NA
"4563",NA,NA
"4564",NA,NA
"4565",NA,"no"
"4566",NA,NA
"4567",NA,NA
"4568",NA,NA
"4569",NA,NA
"4570",NA,NA
"4571",NA,NA
"4572",NA,NA
"4573",NA,NA
"4574",NA,NA
"4575",NA,NA
"4576",NA,NA
"4577",NA,NA
"4578",NA,NA
"4579",NA,NA
"4580",NA,NA
"4581",NA,NA
"4582",NA,NA
"4583",NA,NA
"4584","no",NA
"4585",NA,NA
"4586",NA,"no"
"4587",NA,NA
"4588",NA,NA
"4589",NA,NA
"4590",NA,NA
"4591",NA,NA
"4592",NA,NA
"4593",NA,NA
"4594",NA,NA
"4595",NA,NA
"4596",NA,NA
"4597",NA,NA
"4598",NA,NA
"4599",NA,NA
"4600",NA,NA
"4601",NA,NA
"4602",NA,NA
"4603",NA,NA
"4604",NA,NA
"4605",NA,NA
"4606",NA,NA
"4607",NA,NA
"4608",NA,NA
"4609",NA,"no"
"4610",NA,NA
"4611",NA,NA
"4612",NA,NA
"4613",NA,NA
"4614",NA,NA
"4615",NA,NA
"4616",NA,NA
"4617",NA,NA
"4618",NA,NA
"4619",NA,NA
"4620",NA,NA
"4621",NA,NA
"4622","no",NA
"4623",NA,NA
"4624",NA,NA
"4625",NA,NA
"4626",NA,NA
"4627",NA,NA
"4628",NA,NA
"4629",NA,NA
"4630",NA,NA
"4631",NA,NA
"4632",NA,NA
"4633",NA,NA
"4634",NA,NA
"4635",NA,NA
"4636",NA,NA
"4637",NA,NA
"4638",NA,NA
"4639",NA,NA
"4640",NA,NA
"4641",NA,NA
"4642",NA,NA
"4643",NA,NA
"4644",NA,NA
"4645",NA,NA
"4646",NA,"no"
"4647",NA,NA
"4648",NA,NA
"4649",NA,NA
"4650",NA,NA
"4651",NA,NA
"4652",NA,NA
"4653",NA,NA
"4654",NA,NA
"4655",NA,NA
"4656",NA,NA
"4657",NA,NA
"4658",NA,NA
"4659",NA,NA
"4660",NA,NA
"4661","yes",NA
"4662",NA,NA
"4663",NA,"no"
"4664",NA,NA
"4665",NA,NA
"4666",NA,NA
"4667",NA,"yes"
"4668",NA,NA
"4669",NA,NA
"4670",NA,NA
"4671",NA,NA
"4672",NA,NA
"4673",NA,NA
"4674",NA,NA
"4675",NA,NA
"4676",NA,NA
"4677",NA,NA
"4678",NA,NA
"4679",NA,NA
"4680",NA,NA
"4681",NA,NA
"4682","no",NA
"4683",NA,NA
"4684",NA,NA
"4685",NA,NA
"4686",NA,NA
"4687",NA,NA
"4688","no",NA
"4689",NA,NA
"4690",NA,NA
"4691",NA,NA
"4692",NA,NA
"4693",NA,NA
"4694",NA,NA
"4695",NA,NA
"4696",NA,NA
"4697",NA,NA
"4698",NA,NA
"4699",NA,NA
"4700",NA,NA
"4701",NA,NA
"4702",NA,NA
"4703",NA,NA
"4704",NA,NA
"4705",NA,NA
"4706",NA,NA
"4707",NA,NA
"4708",NA,NA
"4709","no",NA
"4710",NA,NA
"4711",NA,NA
"4712",NA,NA
"4713",NA,NA
"4714",NA,NA
"4715",NA,NA
"4716",NA,NA
"4717",NA,NA
"4718",NA,NA
"4719",NA,NA
"4720",NA,NA
"4721",NA,"yes"
"4722",NA,NA
"4723",NA,NA
"4724",NA,NA
"4725",NA,NA
"4726",NA,NA
"4727",NA,NA
"4728","no","no"
"4729",NA,NA
"4730","no",NA
"4731",NA,NA
"4732",NA,NA
"4733",NA,NA
"4734",NA,NA
"4735",NA,NA
"4736",NA,NA
"4737",NA,NA
"4738",NA,NA
"4739","no",NA
"4740",NA,NA
"4741",NA,"no"
"4742",NA,NA
"4743",NA,NA
"4744",NA,NA
"4745",NA,NA
"4746",NA,NA
"4747",NA,NA
"4748",NA,NA
"4749","no",NA
"4750",NA,NA
"4751",NA,NA
"4752",NA,NA
"4753",NA,NA
"4754",NA,NA
"4755",NA,NA
"4756",NA,NA
"4757",NA,NA
"4758",NA,NA
"4759",NA,NA
"4760",NA,NA
"4761",NA,NA
"4762",NA,NA
"4763",NA,NA
"4764",NA,NA
"4765",NA,NA
"4766",NA,NA
"4767",NA,NA
"4768",NA,NA
"4769",NA,NA
"4770",NA,NA
"4771",NA,NA
"4772",NA,"no"
"4773",NA,NA
"4774",NA,NA
"4775",NA,NA
"4776",NA,NA
"4777",NA,NA
"4778",NA,NA
"4779",NA,NA
"4780",NA,"no"
"4781",NA,NA
"4782",NA,NA
"4783",NA,NA
"4784",NA,NA
"4785",NA,NA
"4786",NA,NA
"4787",NA,NA
"4788",NA,NA
"4789",NA,NA
"4790",NA,NA
"4791",NA,NA
"4792","no",NA
"4793",NA,NA
"4794",NA,NA
"4795",NA,NA
"4796",NA,NA
"4797",NA,NA
"4798",NA,NA
"4799",NA,NA
"4800",NA,NA
"4801",NA,NA
"4802",NA,NA
"4803",NA,NA
"4804",NA,NA
"4805",NA,NA
"4806",NA,NA
"4807",NA,"no"
"4808",NA,NA
"4809",NA,NA
"4810",NA,"no"
"4811","no",NA
"4812",NA,NA
"4813",NA,NA
"4814",NA,NA
"4815",NA,NA
"4816",NA,NA
"4817",NA,NA
"4818",NA,NA
"4819",NA,NA
"4820",NA,NA
"4821",NA,NA
"4822",NA,NA
"4823",NA,NA
"4824",NA,NA
"4825",NA,NA
"4826",NA,NA
"4827",NA,"no"
"4828",NA,NA
"4829",NA,NA
"4830",NA,NA
"4831",NA,NA
"4832","no",NA
"4833",NA,NA
"4834",NA,NA
"4835",NA,NA
"4836",NA,NA
"4837",NA,"no"
"4838",NA,NA
"4839",NA,NA
"4840",NA,"no"
"4841",NA,NA
"4842",NA,NA
"4843",NA,NA
"4844","no","no"
"4845",NA,NA
"4846",NA,NA
"4847",NA,NA
"4848",NA,NA
"4849",NA,NA
"4850",NA,NA
"4851",NA,NA
"4852",NA,NA
"4853",NA,NA
"4854",NA,NA
"4855",NA,NA
"4856",NA,NA
"4857",NA,NA
"4858",NA,NA
"4859",NA,"yes"
"4860",NA,NA
"4861",NA,NA
"4862",NA,NA
"4863",NA,NA
"4864",NA,NA
"4865",NA,NA
"4866",NA,NA
"4867",NA,NA
"4868",NA,NA
"4869",NA,NA
"4870",NA,NA
"4871",NA,NA
"4872",NA,NA
"4873",NA,NA
"4874",NA,NA
"4875",NA,NA
"4876",NA,NA
"4877",NA,NA
"4878",NA,NA
"4879",NA,NA
"4880",NA,NA
"4881",NA,NA
"4882",NA,NA
"4883",NA,NA
"4884",NA,"no"
"4885",NA,NA
"4886",NA,"no"
"4887",NA,NA
"4888",NA,"no"
"4889",NA,NA
"4890",NA,NA
"4891",NA,NA
"4892",NA,NA
"4893","no","no"
"4894",NA,NA
"4895",NA,NA
"4896",NA,NA
"4897",NA,NA
"4898",NA,NA
